,Date,Open,High,Low,Close,Adj Close,Volumn
65,2014-06-30,126.00,127.00,125.00,126.50,96.06,"33,280,000"
64,2014-07-01,126.50,128.50,126.00,128.00,97.19,"32,922,000"
63,2014-07-02,129.50,132.50,129.00,132.50,100.61,"51,457,000"
62,2014-07-03,131.50,135.00,130.50,134.50,102.13,"40,176,000"
61,2014-07-04,133.50,136.00,132.00,135.00,102.51,"44,006,000"
60,2014-07-07,134.50,136.00,132.50,136.00,103.27,"32,123,000"
59,2014-07-08,135.50,136.00,134.00,134.50,102.13,"36,117,000"
58,2014-07-09,133.50,135.00,133.50,134.00,101.75,"39,145,000"
57,2014-07-10,134.50,136.00,134.50,134.50,102.13,"47,098,000"
56,2014-07-11,136.00,138.00,135.50,136.50,103.65,"43,144,000"
55,2014-07-14,134.50,134.50,132.50,132.50,102.87,"46,321,000"
54,2014-07-15,133.00,134.00,132.50,133.00,103.26,"36,989,000"
53,2014-07-16,133.00,133.50,130.00,130.50,101.32,"39,065,000"
52,2014-07-17,125.00,125.50,123.00,124.50,96.66,"136,198,000"
51,2014-07-18,121.50,124.00,121.50,123.50,95.89,"95,711,000"
50,2014-07-21,124.00,124.50,122.50,123.50,95.89,"56,612,000"
49,2014-07-22,123.50,125.00,122.50,124.50,96.66,"53,220,000"
48,2014-07-23,124.50,124.50,124.50,124.50,96.66,-
47,2014-07-24,124.50,125.00,124.00,125.00,97.05,"65,602,000"
46,2014-07-25,124.50,125.00,122.50,123.00,95.50,"31,299,000"
45,2014-07-28,122.00,122.50,121.00,121.50,94.33,"43,425,000"
44,2014-07-29,122.50,124.00,122.00,124.00,96.27,"37,994,000"
43,2014-07-30,123.50,125.00,123.00,124.50,96.66,"32,381,000"
42,2014-07-31,124.00,124.00,121.00,121.00,93.94,"44,748,000"
41,2014-08-01,120.00,121.00,119.50,120.00,93.17,"52,455,000"
40,2014-08-04,120.00,123.50,120.00,123.50,95.89,"39,633,000"
39,2014-08-05,122.50,122.50,119.50,119.50,92.78,"61,184,000"
38,2014-08-06,119.00,121.50,119.00,120.50,93.56,"34,561,000"
37,2014-08-07,120.50,121.50,119.50,121.50,94.33,"29,493,000"
36,2014-08-08,120.50,121.00,119.50,120.50,93.56,"35,075,000"
35,2014-08-11,120.00,121.00,119.50,120.50,93.56,"42,890,000"
34,2014-08-12,121.00,122.00,120.50,121.50,94.33,"32,237,000"
33,2014-08-13,121.00,123.50,120.50,122.50,95.11,"39,756,000"
32,2014-08-14,123.50,124.00,123.00,124.00,96.27,"32,907,000"
31,2014-08-15,124.50,125.00,123.00,124.00,96.27,"19,151,000"
30,2014-08-18,124.00,124.00,122.50,123.00,95.50,"14,578,000"
29,2014-08-19,124.00,125.00,123.50,124.00,96.27,"31,575,000"
28,2014-08-20,125.00,125.50,124.50,125.50,97.44,"28,876,000"
27,2014-08-21,126.00,126.00,124.00,124.50,96.66,"22,562,000"
26,2014-08-22,124.50,126.00,123.50,125.50,97.44,"42,715,000"
25,2014-08-25,125.50,126.00,125.00,125.00,97.05,"20,077,000"
24,2014-08-26,125.00,125.50,124.00,124.50,96.66,"28,801,000"
23,2014-08-27,125.50,126.00,124.50,125.50,97.44,"36,779,000"
22,2014-08-28,126.00,126.00,124.50,125.00,97.05,"21,587,000"
21,2014-08-29,124.50,125.00,124.00,124.00,96.27,"28,324,000"
20,2014-09-01,125.00,128.50,125.00,128.50,99.77,"36,304,000"
19,2014-09-02,128.00,128.00,125.50,126.00,97.83,"19,182,000"
18,2014-09-03,127.00,128.00,125.50,128.00,99.38,"24,561,000"
17,2014-09-04,128.00,128.00,126.00,127.50,98.99,"21,641,000"
16,2014-09-05,128.50,128.50,125.50,127.00,98.60,"20,096,000"
15,2014-09-09,127.50,127.50,126.50,127.00,98.60,"22,090,000"
14,2014-09-10,126.00,126.00,124.00,125.00,97.05,"29,294,000"
13,2014-09-11,126.00,126.00,125.00,125.00,97.05,"22,827,000"
12,2014-09-12,124.50,125.00,123.00,123.00,95.50,"19,798,000"
11,2014-09-15,122.50,123.50,122.00,123.50,95.89,"19,518,000"
10,2014-09-16,123.00,123.00,122.00,122.50,95.11,"19,187,000"
9,2014-09-17,123.50,125.00,123.00,124.50,96.66,"23,504,000"
8,2014-09-18,124.50,125.00,123.50,125.00,97.05,"14,726,000"
7,2014-09-19,125.50,126.00,125.00,125.00,97.05,"30,603,000"
6,2014-09-22,124.00,124.00,122.00,122.00,94.72,"39,365,000"
5,2014-09-23,123.00,123.50,122.00,122.50,95.11,"15,286,000"
4,2014-09-24,122.00,124.00,122.00,123.00,95.50,"27,613,000"
3,2014-09-25,123.00,124.00,121.50,122.00,94.72,"23,213,000"
2,2014-09-26,121.00,121.50,120.50,121.00,93.94,"23,545,000"
1,2014-09-29,122.00,122.00,120.00,120.50,93.56,"54,783,000"
131,2014-09-30,120.00,121.00,119.00,120.00,93.17,"44,070,000"
0,2014-09-30,120.00,121.00,119.00,120.00,93.17,"44,070,000"
130,2014-10-01,120.00,122.00,120.00,121.50,94.33,"42,211,000"
129,2014-10-02,121.00,122.50,120.50,121.00,93.94,"30,761,000"
128,2014-10-03,122.50,125.00,122.00,124.50,96.66,"52,003,000"
127,2014-10-06,125.00,126.00,124.00,126.00,97.83,"37,186,000"
126,2014-10-07,125.00,125.50,123.50,125.00,97.05,"39,986,000"
125,2014-10-08,123.50,125.00,122.50,122.50,95.11,"29,221,000"
124,2014-10-09,124.00,125.00,123.50,125.00,97.05,"35,347,000"
123,2014-10-13,119.00,121.50,118.00,120.50,93.56,"69,183,000"
122,2014-10-14,120.00,121.50,119.50,121.00,93.94,"31,862,000"
121,2014-10-15,121.50,123.00,121.00,121.50,94.33,"43,922,000"
120,2014-10-16,121.50,124.00,120.00,121.50,94.33,"45,527,000"
119,2014-10-17,125.00,125.50,123.50,123.50,95.89,"91,597,000"
118,2014-10-20,125.00,126.00,124.50,126.00,97.83,"38,276,000"
117,2014-10-21,126.00,126.00,124.50,125.00,97.05,"25,582,000"
116,2014-10-22,127.50,129.00,127.50,129.00,100.16,"64,167,000"
115,2014-10-23,128.00,128.50,127.50,127.50,98.99,"26,374,000"
114,2014-10-24,127.00,127.50,125.00,125.50,97.44,"42,082,000"
113,2014-10-27,126.50,128.00,126.50,128.00,99.38,"25,119,000"
112,2014-10-28,129.00,129.50,127.50,128.00,99.38,"34,984,000"
111,2014-10-29,129.00,129.50,128.00,129.00,100.16,"34,583,000"
110,2014-10-30,128.50,129.00,127.00,128.50,99.77,"35,688,000"
109,2014-10-31,128.00,130.50,127.50,130.50,101.32,"41,983,000"
108,2014-11-03,132.00,132.50,130.50,131.00,101.71,"44,912,000"
107,2014-11-04,132.00,132.00,131.00,132.00,102.48,"32,171,000"
106,2014-11-05,131.50,132.00,131.00,132.00,102.48,"22,440,000"
105,2014-11-06,132.50,132.50,131.50,132.00,102.48,"28,374,000"
104,2014-11-07,131.50,131.50,130.50,131.00,101.71,"16,709,000"
103,2014-11-10,132.50,134.50,132.00,134.50,104.43,"42,569,000"
102,2014-11-11,135.00,135.00,133.00,134.00,104.04,"20,451,000"
101,2014-11-12,134.50,134.50,131.50,132.00,102.48,"27,373,000"
100,2014-11-13,133.50,134.50,132.50,134.00,104.04,"24,882,000"
99,2014-11-14,134.00,135.00,133.50,135.00,104.81,"23,655,000"
98,2014-11-17,135.00,135.50,132.50,133.00,103.26,"23,562,000"
97,2014-11-18,134.00,134.50,131.00,131.50,102.10,"42,688,000"
96,2014-11-19,133.00,136.50,132.50,136.00,105.59,"70,920,000"
95,2014-11-20,137.50,139.00,137.00,139.00,107.92,"44,092,000"
94,2014-11-21,139.50,139.50,137.50,138.50,107.53,"30,388,000"
93,2014-11-24,140.00,140.50,138.00,138.50,107.53,"33,292,000"
92,2014-11-25,138.50,140.00,138.50,139.00,107.92,"42,648,000"
91,2014-11-26,138.50,139.00,138.00,139.00,107.92,"23,137,000"
90,2014-11-27,140.00,142.00,140.00,140.00,108.70,"26,123,000"
89,2014-11-28,139.00,141.50,139.00,141.50,109.86,"35,681,000"
88,2014-12-01,139.00,142.00,138.50,140.00,108.70,"41,250,000"
87,2014-12-02,139.50,139.50,137.50,137.50,106.75,"45,913,000"
86,2014-12-03,137.50,139.00,136.50,138.00,107.14,"38,940,000"
85,2014-12-04,139.00,140.00,138.50,139.00,107.92,"28,226,000"
84,2014-12-05,138.50,139.50,137.00,137.50,106.75,"27,050,000"
83,2014-12-08,138.00,138.50,137.00,138.00,107.14,"19,595,000"
82,2014-12-09,138.00,139.00,137.50,138.00,107.14,"31,770,000"
81,2014-12-10,138.00,139.00,136.00,136.00,105.59,"39,726,000"
80,2014-12-11,135.00,136.00,134.50,134.50,104.43,"32,283,000"
79,2014-12-12,135.00,136.00,134.50,135.00,104.81,"31,433,000"
78,2014-12-15,134.50,136.50,134.50,136.00,105.59,"44,381,000"
77,2014-12-16,134.50,135.50,133.00,133.00,103.26,"41,199,000"
76,2014-12-17,133.00,133.00,130.00,130.50,101.32,"70,497,000"
75,2014-12-18,132.00,133.00,131.00,131.50,102.10,"50,410,000"
74,2014-12-19,134.50,138.00,134.00,138.00,107.14,"44,362,000"
73,2014-12-22,137.50,140.00,137.00,138.50,107.53,"34,577,000"
72,2014-12-23,139.00,140.00,137.00,137.50,106.75,"19,122,000"
71,2014-12-24,136.00,138.00,136.00,138.00,107.14,"16,679,000"
70,2014-12-25,137.00,138.00,137.00,137.50,106.75,"7,358,000"
69,2014-12-26,138.00,139.00,137.00,139.00,107.92,"13,112,000"
68,2014-12-29,138.00,141.00,138.00,141.00,109.47,"34,993,000"
67,2014-12-30,141.00,141.50,139.00,140.00,108.70,"21,789,000"
66,2014-12-31,139.00,141.00,139.00,141.00,109.47,"18,306,000"
187,2014-12-31,139.00,141.00,139.00,141.00,109.47,"18,306,000"
186,2015-01-05,140.50,140.50,137.50,139.50,108.31,"32,046,000"
185,2015-01-06,137.50,137.50,133.00,133.50,103.65,"66,778,000"
184,2015-01-07,133.50,135.00,133.50,134.00,104.04,"43,703,000"
183,2015-01-08,136.50,138.00,136.00,138.00,107.14,"42,491,000"
182,2015-01-09,135.00,135.50,133.00,134.00,104.04,"61,558,000"
181,2015-01-12,132.50,133.50,132.00,132.00,102.48,"30,338,000"
180,2015-01-13,131.00,133.00,130.50,132.50,102.87,"37,818,000"
179,2015-01-14,132.50,133.00,130.00,130.00,100.93,"48,740,000"
178,2015-01-15,131.50,133.00,131.50,131.50,102.10,"40,607,000"
177,2015-01-16,140.00,140.00,136.00,137.00,106.37,"124,042,000"
176,2015-01-19,138.50,139.50,137.50,139.00,107.92,"49,986,000"
175,2015-01-20,139.00,139.00,137.50,138.00,107.14,"32,739,000"
174,2015-01-21,139.50,141.00,139.50,141.00,109.47,"70,464,000"
173,2015-01-22,141.50,142.00,139.50,140.00,108.70,"43,846,000"
172,2015-01-23,142.50,145.00,142.50,145.00,112.58,"82,089,000"
171,2015-01-26,145.50,145.50,143.50,145.00,112.58,"46,716,000"
170,2015-01-27,145.50,147.00,144.50,147.00,114.13,"52,805,000"
169,2015-01-28,146.50,147.00,145.50,146.50,113.74,"45,898,000"
168,2015-01-29,144.00,145.00,143.00,143.50,111.41,"34,459,000"
167,2015-01-30,145.00,145.50,141.00,141.00,109.47,"43,666,000"
166,2015-02-02,140.50,143.00,140.50,142.50,110.64,"29,181,000"
165,2015-02-03,143.00,144.50,142.00,144.50,112.19,"27,160,000"
164,2015-02-04,144.50,146.50,144.00,146.00,113.35,"40,416,000"
163,2015-02-05,145.50,146.00,143.50,145.50,112.97,"23,363,000"
162,2015-02-06,145.50,145.50,143.00,143.00,111.03,"27,301,000"
161,2015-02-09,143.00,143.50,141.50,142.00,110.25,"26,315,000"
160,2015-02-10,142.00,143.00,141.50,142.50,110.64,"33,294,000"
159,2015-02-11,146.00,149.00,146.00,148.00,114.91,"71,259,000"
158,2015-02-12,149.50,149.50,147.50,148.50,115.30,"33,577,000"
157,2015-02-13,148.50,150.00,148.00,148.50,115.30,"37,815,000"
156,2015-02-24,149.00,152.00,148.50,151.00,117.24,"72,531,000"
155,2015-02-25,152.50,154.50,152.50,154.50,119.95,"48,183,000"
154,2015-02-26,153.50,154.00,150.50,150.50,116.85,"55,574,000"
153,2015-03-02,151.50,153.00,148.50,149.00,115.68,"41,388,000"
152,2015-03-03,150.00,151.00,148.50,150.50,116.85,"29,134,000"
151,2015-03-04,150.00,151.50,149.00,150.50,116.85,"32,627,000"
150,2015-03-05,150.00,151.00,148.50,150.00,116.46,"28,872,000"
149,2015-03-06,149.00,149.50,148.50,149.00,115.68,"31,316,000"
148,2015-03-09,147.50,147.50,145.00,145.50,112.97,"67,163,000"
147,2015-03-10,145.00,145.00,144.00,144.00,111.80,"46,809,000"
146,2015-03-11,143.50,148.00,143.00,146.00,113.35,"51,795,000"
145,2015-03-12,147.00,148.50,146.50,148.00,114.91,"32,183,000"
144,2015-03-13,148.00,149.50,147.00,149.00,115.68,"45,451,000"
143,2015-03-16,149.00,149.50,146.00,146.00,113.35,"36,912,000"
142,2015-03-17,148.50,150.00,148.50,149.00,115.68,"55,718,000"
141,2015-03-18,151.00,154.00,150.00,153.50,119.18,"70,808,000"
140,2015-03-19,152.50,155.00,152.50,154.00,119.57,"43,070,000"
139,2015-03-20,151.50,154.00,151.50,154.00,119.57,"37,536,000"
138,2015-03-23,154.00,154.00,152.50,153.50,119.18,"26,285,000"
137,2015-03-24,153.50,153.50,151.50,151.50,117.62,"36,086,000"
136,2015-03-25,152.00,152.50,150.50,151.00,117.24,"44,424,000"
135,2015-03-26,145.50,147.00,144.50,145.50,112.97,"157,081,000"
134,2015-03-27,144.00,145.50,142.50,142.50,110.64,"106,610,000"
133,2015-03-30,142.50,144.00,142.00,142.50,110.64,"59,832,000"
132,2015-03-31,144.00,145.50,143.00,145.50,112.97,"56,539,000"
249,2015-03-31,144.00,145.50,143.00,145.50,112.97,"56,539,000"
248,2015-04-01,145.00,145.00,143.50,144.00,111.80,"38,697,000"
247,2015-04-02,145.00,148.00,144.50,147.00,114.13,"49,213,000"
246,2015-04-07,146.50,147.50,145.00,146.00,113.35,"33,362,000"
245,2015-04-08,145.50,146.00,143.00,143.00,111.03,"47,500,000"
244,2015-04-09,144.00,145.50,143.00,143.00,111.03,"46,493,000"
243,2015-04-10,146.00,147.00,145.00,147.00,114.13,"33,819,000"
242,2015-04-13,146.50,147.50,146.00,147.00,114.13,"23,821,000"
241,2015-04-14,145.00,145.50,143.50,144.00,111.80,"41,528,000"
240,2015-04-15,143.50,144.50,141.50,143.00,111.03,"71,481,000"
239,2015-04-16,145.00,147.00,144.50,147.00,114.13,"54,354,000"
238,2015-04-17,143.00,144.00,142.50,142.50,110.64,"76,708,000"
237,2015-04-20,142.00,144.00,141.50,143.00,111.03,"34,341,000"
236,2015-04-21,142.00,143.50,141.50,142.50,110.64,"36,209,000"
235,2015-04-22,143.50,145.00,143.00,143.50,111.41,"40,606,000"
234,2015-04-23,145.50,147.00,145.00,147.00,114.13,"46,931,000"
233,2015-04-24,149.00,152.50,148.50,152.50,118.40,"122,689,000"
232,2015-04-27,153.00,153.00,150.00,151.50,117.62,"57,529,000"
231,2015-04-28,153.50,153.50,150.50,151.50,117.62,"43,177,000"
230,2015-04-29,150.00,151.00,148.00,148.50,115.30,"37,363,000"
229,2015-04-30,147.00,148.50,146.50,147.00,114.13,"48,913,000"
228,2015-05-04,148.50,148.50,146.00,147.50,114.52,"30,811,000"
227,2015-05-05,147.50,148.00,146.00,147.00,114.13,"27,559,000"
226,2015-05-06,145.50,148.00,145.50,147.50,114.52,"18,784,000"
225,2015-05-07,146.00,147.50,146.00,146.50,113.74,"21,826,000"
224,2015-05-08,146.00,147.50,146.00,146.50,113.74,"19,987,000"
223,2015-05-11,149.00,149.00,147.00,148.50,115.30,"20,326,000"
222,2015-05-12,147.00,148.50,147.00,147.50,114.52,"20,509,000"
221,2015-05-13,147.50,149.00,147.00,148.00,114.91,"18,844,000"
220,2015-05-14,148.00,148.50,146.00,146.00,113.35,"38,700,000"
219,2015-05-15,147.00,147.00,145.00,146.50,113.74,"24,295,000"
218,2015-05-18,147.00,147.00,145.00,146.50,113.74,"22,879,000"
217,2015-05-19,145.50,147.50,145.00,146.50,113.74,"26,257,000"
216,2015-05-20,146.50,147.00,146.00,146.50,113.74,"26,920,000"
215,2015-05-21,146.00,146.50,144.50,145.50,112.97,"40,819,000"
214,2015-05-22,146.00,147.00,145.00,145.50,112.97,"22,074,000"
213,2015-05-25,146.50,147.50,145.50,147.50,114.52,"16,253,000"
212,2015-05-26,148.50,148.50,146.50,146.50,113.74,"15,545,000"
211,2015-05-27,145.50,147.00,145.00,145.00,112.58,"23,825,000"
210,2015-05-28,147.00,147.50,146.00,147.00,114.13,"35,891,000"
209,2015-05-29,147.00,147.50,145.50,146.00,113.35,"56,616,000"
208,2015-06-01,145.50,146.00,144.00,145.00,112.58,"31,570,000"
207,2015-06-02,144.50,144.50,143.50,144.00,111.80,"33,317,000"
206,2015-06-03,143.50,144.50,143.00,143.00,111.03,"29,870,000"
205,2015-06-04,142.00,142.50,140.00,141.00,109.47,"58,172,000"
204,2015-06-05,139.50,140.50,139.00,140.00,108.70,"42,648,000"
203,2015-06-08,139.50,140.00,138.50,138.50,107.53,"45,469,000"
202,2015-06-09,138.50,140.00,138.00,139.00,107.92,"31,575,000"
201,2015-06-10,141.00,141.50,139.50,139.50,108.31,"37,077,000"
200,2015-06-11,141.00,144.00,141.00,143.50,111.41,"44,613,000"
199,2015-06-12,144.00,144.50,142.50,144.50,112.19,"31,448,000"
198,2015-06-15,144.50,144.50,142.50,143.00,111.03,"23,608,000"
197,2015-06-16,143.00,143.00,141.00,142.00,110.25,"27,272,000"
196,2015-06-17,143.00,143.50,142.00,142.50,110.64,"31,326,000"
195,2015-06-18,142.00,143.00,142.00,142.00,110.25,"28,591,000"
194,2015-06-22,142.00,143.50,142.00,142.00,110.25,"28,278,000"
193,2015-06-23,143.00,145.00,142.50,144.50,112.19,"37,230,000"
192,2015-06-24,144.50,145.00,143.50,145.00,112.58,"18,555,000"
191,2015-06-25,145.00,147.00,145.00,146.50,113.74,"43,496,000"
190,2015-06-26,147.00,147.50,145.50,146.00,113.35,"33,561,000"
189,2015-06-29,140.50,141.00,138.50,138.50,110.95,"53,014,000"
188,2015-06-30,139.00,140.50,138.50,140.50,112.55,"45,261,000"
315,2015-06-30,139.00,140.50,138.50,140.50,112.55,"45,261,000"
314,2015-07-01,140.00,142.50,139.00,141.00,112.95,"32,546,000"
313,2015-07-02,140.50,142.00,140.50,141.50,113.35,"23,908,000"
312,2015-07-03,141.50,142.50,140.00,142.50,114.16,"16,093,000"
311,2015-07-06,141.00,141.50,140.50,140.50,112.55,"20,617,000"
310,2015-07-07,141.00,142.00,140.50,140.50,112.55,"26,349,000"
309,2015-07-08,140.50,141.00,138.00,138.00,110.55,"51,986,000"
308,2015-07-09,134.00,138.00,134.00,136.50,109.35,"53,233,000"
307,2015-07-10,136.50,136.50,136.50,136.50,109.35,-
306,2015-07-13,137.00,139.50,137.00,138.50,110.95,"34,518,000"
305,2015-07-14,139.50,140.50,138.00,138.50,110.95,"27,536,000"
304,2015-07-15,139.00,139.50,138.00,138.50,110.95,"23,295,000"
303,2015-07-16,140.00,140.00,135.50,136.50,109.35,"36,999,000"
302,2015-07-17,138.00,140.00,138.00,140.00,112.15,"55,781,000"
301,2015-07-20,141.50,142.00,138.50,139.00,111.35,"27,655,000"
300,2015-07-21,141.00,141.50,139.50,140.50,112.55,"19,431,000"
299,2015-07-22,139.00,139.50,138.00,139.00,111.35,"24,620,000"
298,2015-07-23,137.00,137.50,136.00,136.00,108.95,"36,389,000"
297,2015-07-24,138.00,138.00,136.00,137.00,109.75,"38,194,000"
296,2015-07-27,135.00,135.50,134.00,134.00,107.35,"43,371,000"
295,2015-07-28,135.00,136.50,134.00,134.00,107.35,"34,219,000"
294,2015-07-29,135.00,136.00,134.50,135.50,108.55,"29,871,000"
293,2015-07-30,136.00,139.00,136.00,138.50,110.95,"36,097,000"
292,2015-07-31,140.50,140.50,137.50,139.50,111.75,"39,992,000"
291,2015-08-03,138.50,138.50,134.50,134.50,107.75,"33,631,000"
290,2015-08-04,135.00,136.50,134.50,136.50,109.35,"26,546,000"
289,2015-08-05,135.50,135.50,134.00,134.00,107.35,"28,491,000"
288,2015-08-06,136.00,136.00,132.00,134.00,107.35,"38,414,000"
287,2015-08-07,133.00,133.50,131.50,133.00,106.54,"30,554,000"
286,2015-08-10,131.00,131.00,125.50,129.00,103.34,"63,646,000"
285,2015-08-11,133.50,133.50,130.50,130.50,104.54,"64,344,000"
284,2015-08-12,129.50,130.00,127.50,128.50,102.94,"41,642,000"
283,2015-08-13,129.00,130.00,127.50,128.00,102.54,"35,943,000"
282,2015-08-14,128.00,128.50,125.00,126.00,100.94,"39,413,000"
281,2015-08-17,125.50,125.50,123.00,124.00,99.34,"37,847,000"
280,2015-08-18,125.00,126.50,125.00,126.00,100.94,"40,722,000"
279,2015-08-19,127.50,127.50,124.00,125.00,100.14,"41,301,000"
278,2015-08-20,124.50,126.00,123.50,126.00,100.94,"38,012,000"
277,2015-08-21,123.00,124.50,121.00,121.00,96.93,"59,694,000"
276,2015-08-24,120.00,121.00,112.50,115.00,92.13,"116,158,000"
275,2015-08-25,118.00,124.00,117.50,123.50,98.93,"94,960,000"
274,2015-08-26,121.00,124.50,119.50,122.50,98.13,"64,879,000"
273,2015-08-27,125.00,125.00,122.00,124.00,99.34,"53,388,000"
272,2015-08-28,127.00,127.00,124.50,125.00,100.14,"41,466,000"
271,2015-08-31,126.00,129.00,123.50,129.00,103.34,"56,941,000"
270,2015-09-01,127.50,127.50,124.00,124.00,99.34,"42,340,000"
269,2015-09-02,123.00,127.00,123.00,125.50,100.54,"36,973,000"
268,2015-09-03,127.50,127.50,125.00,127.00,101.74,"24,004,000"
267,2015-09-04,126.50,127.00,123.50,125.00,100.14,"22,006,000"
266,2015-09-07,124.50,126.00,122.00,122.50,98.13,"25,891,000"
265,2015-09-08,122.50,123.50,122.00,123.00,98.53,"15,090,000"
264,2015-09-09,126.50,129.00,126.50,129.00,103.34,"53,588,000"
263,2015-09-10,127.00,128.00,125.00,125.00,100.14,"32,912,000"
262,2015-09-11,125.50,127.50,124.00,127.50,102.14,"20,525,000"
261,2015-09-14,128.00,129.00,126.00,127.50,102.14,"25,508,000"
260,2015-09-15,127.50,128.00,125.50,126.00,100.94,"21,658,000"
259,2015-09-16,128.00,130.00,127.50,129.50,103.74,"39,923,000"
258,2015-09-17,130.50,131.50,130.00,131.00,104.94,"49,472,000"
257,2015-09-18,129.50,131.50,129.00,131.50,105.34,"31,937,000"
256,2015-09-21,130.00,130.00,128.50,129.50,103.74,"29,930,000"
255,2015-09-22,130.00,130.00,128.50,129.00,103.34,"17,636,000"
254,2015-09-23,127.00,127.50,124.50,124.50,99.74,"32,905,000"
253,2015-09-24,127.00,128.00,125.50,127.00,101.74,"43,432,000"
252,2015-09-25,127.00,127.50,125.00,127.00,101.74,"24,630,000"
251,2015-09-29,127.00,127.00,127.00,127.00,101.74,-
250,2015-09-30,128.00,131.00,127.00,130.00,104.14,"67,112,000"
381,2015-09-30,128.00,131.00,127.00,130.00,104.14,"67,112,000"
380,2015-10-01,131.00,134.00,129.50,133.50,106.95,"49,600,000"
379,2015-10-02,132.50,132.50,131.50,132.00,105.74,"25,216,000"
378,2015-10-05,133.00,133.50,131.50,132.50,106.14,"30,276,000"
377,2015-10-06,135.00,135.50,132.50,133.00,106.54,"48,613,000"
376,2015-10-07,133.50,135.00,133.00,135.00,108.15,"31,784,000"
375,2015-10-08,137.00,137.00,135.00,136.00,108.95,"31,144,000"
374,2015-10-12,137.00,139.00,136.50,138.50,110.95,"46,971,000"
373,2015-10-13,138.50,138.50,136.00,137.50,110.15,"36,108,000"
372,2015-10-14,136.50,137.50,136.00,136.50,109.35,"18,007,000"
371,2015-10-15,139.00,141.00,139.00,140.00,112.15,"57,142,000"
370,2015-10-16,137.00,137.50,136.00,137.50,110.15,"36,196,000"
369,2015-10-19,138.50,139.00,137.00,138.00,110.55,"26,150,000"
368,2015-10-20,139.00,139.00,137.50,139.00,111.35,"27,462,000"
367,2015-10-21,139.50,140.00,137.50,138.50,110.95,"17,976,000"
366,2015-10-22,138.00,138.50,137.00,137.50,110.15,"15,149,000"
365,2015-10-23,140.00,140.50,139.00,140.00,112.15,"35,644,000"
364,2015-10-26,140.50,140.50,139.00,140.00,112.15,"24,382,000"
363,2015-10-27,138.50,140.00,137.50,139.00,111.35,"26,012,000"
362,2015-10-28,137.00,139.00,137.00,138.00,110.55,"22,522,000"
361,2015-10-29,139.00,139.50,136.50,136.50,109.35,"20,428,000"
360,2015-10-30,137.00,137.50,136.00,136.50,109.35,"27,844,000"
359,2015-11-02,138.50,138.50,135.50,137.50,110.15,"21,663,000"
358,2015-11-03,138.50,140.00,138.00,139.50,111.75,"33,082,000"
357,2015-11-04,141.50,144.50,141.00,144.50,115.76,"75,144,000"
356,2015-11-05,144.00,144.50,142.50,142.50,114.16,"35,773,000"
355,2015-11-06,144.00,144.00,139.00,140.00,112.15,"45,683,000"
354,2015-11-09,141.00,143.00,140.50,142.00,113.75,"24,833,000"
353,2015-11-10,141.50,141.50,139.00,139.50,111.75,"23,307,000"
352,2015-11-11,140.50,140.50,136.50,137.50,110.15,"29,412,000"
351,2015-11-12,138.50,139.00,138.00,138.50,110.95,"16,474,000"
350,2015-11-13,137.50,139.00,136.00,136.00,108.95,"21,639,000"
349,2015-11-16,134.00,135.50,134.00,135.00,108.15,"32,110,000"
348,2015-11-17,138.00,140.00,137.50,138.50,110.95,"28,188,000"
347,2015-11-18,139.50,140.00,136.50,137.00,109.75,"29,074,000"
346,2015-11-19,138.50,140.50,138.00,140.50,112.55,"27,426,000"
345,2015-11-20,140.50,141.00,140.00,141.00,112.95,"20,271,000"
344,2015-11-23,141.00,141.50,140.00,141.00,112.95,"17,170,000"
343,2015-11-24,140.00,141.50,139.50,139.50,111.75,"21,843,000"
342,2015-11-25,139.50,141.00,138.50,141.00,112.95,"27,099,000"
341,2015-11-26,141.00,142.50,140.00,142.50,114.16,"31,976,000"
340,2015-11-27,143.00,143.00,139.00,139.00,111.35,"23,135,000"
339,2015-11-30,136.50,139.00,136.00,139.00,111.35,"108,490,000"
338,2015-12-01,140.50,142.50,138.50,142.50,114.16,"46,117,000"
337,2015-12-02,144.00,144.00,142.00,142.50,114.16,"31,609,000"
336,2015-12-03,141.50,143.00,141.50,142.50,114.16,"18,825,000"
335,2015-12-04,141.00,142.50,140.50,140.50,112.55,"30,869,000"
334,2015-12-07,142.00,144.50,142.00,143.50,114.96,"40,284,000"
333,2015-12-08,143.50,144.00,141.00,142.50,114.16,"32,173,000"
332,2015-12-09,142.00,142.00,140.50,140.50,112.55,"26,751,000"
331,2015-12-10,140.50,141.50,139.00,141.00,112.95,"41,414,000"
330,2015-12-11,141.00,142.00,139.00,139.50,111.75,"29,914,000"
329,2015-12-14,137.50,139.50,137.50,139.00,111.35,"32,656,000"
328,2015-12-15,139.50,140.50,138.00,138.00,110.55,"23,558,000"
327,2015-12-16,142.00,144.00,141.00,143.50,114.96,"56,401,000"
326,2015-12-17,144.50,145.00,143.00,145.00,116.16,"34,462,000"
325,2015-12-18,143.00,145.00,142.00,142.00,113.75,"36,298,000"
324,2015-12-21,141.50,142.50,140.50,141.50,113.35,"26,847,000"
323,2015-12-22,141.00,142.00,140.50,142.00,113.75,"17,085,000"
322,2015-12-23,141.00,143.00,140.50,141.50,113.35,"18,064,000"
321,2015-12-24,143.00,143.50,142.00,142.00,113.75,"13,471,000"
320,2015-12-25,142.00,143.50,142.00,143.00,114.56,"6,126,000"
319,2015-12-28,143.50,144.00,143.00,143.50,114.96,"10,797,000"
318,2015-12-29,143.50,144.00,141.50,142.00,113.75,"12,801,000"
317,2015-12-30,142.50,144.00,142.00,142.50,114.16,"14,578,000"
316,2015-12-31,142.00,144.00,141.00,143.00,114.56,"18,336,000"
439,2015-12-31,142.00,144.00,141.00,143.00,114.56,"18,336,000"
438,2016-01-04,142.50,143.50,139.00,139.50,111.75,"39,169,000"
437,2016-01-05,139.00,140.00,137.00,138.00,110.55,"46,381,000"
436,2016-01-06,138.00,138.00,135.00,135.50,108.55,"53,617,000"
435,2016-01-07,134.50,135.00,130.50,133.00,106.54,"62,539,000"
434,2016-01-08,132.00,135.00,132.00,134.00,107.35,"50,123,000"
433,2016-01-11,133.00,134.50,130.50,133.00,106.54,"48,345,000"
432,2016-01-12,133.00,134.00,131.50,133.00,106.54,"34,688,000"
431,2016-01-13,133.50,135.50,133.00,133.50,106.95,"37,717,000"
430,2016-01-14,130.50,132.00,130.50,131.50,105.34,"39,253,000"
429,2016-01-15,137.50,138.00,135.50,137.00,109.75,"79,464,000"
428,2016-01-18,135.00,138.00,134.50,137.00,109.75,"36,757,000"
427,2016-01-19,137.50,138.00,136.00,138.00,110.55,"23,737,000"
426,2016-01-20,137.50,137.50,133.50,134.50,107.75,"43,839,000"
425,2016-01-21,134.00,136.50,134.00,135.00,108.15,"31,933,000"
424,2016-01-22,136.50,138.50,136.00,138.50,110.95,"33,889,000"
423,2016-01-25,140.00,140.00,139.00,139.50,111.75,"27,184,000"
422,2016-01-26,137.50,139.00,137.00,137.50,110.15,"24,049,000"
421,2016-01-27,139.00,139.50,138.50,139.50,111.75,"24,029,000"
420,2016-01-28,138.00,140.50,138.00,140.00,112.15,"37,867,000"
419,2016-01-29,138.50,143.00,138.00,143.00,114.56,"55,616,000"
418,2016-01-30,-,-,-,-,-,-
417,2016-02-01,144.00,144.00,141.50,144.00,115.36,"40,943,000"
416,2016-02-02,144.00,144.50,141.50,142.50,114.16,"25,380,000"
415,2016-02-03,145.00,146.00,144.50,146.00,116.96,"70,465,000"
414,2016-02-15,142.00,146.50,142.00,145.00,116.16,"72,875,000"
413,2016-02-16,146.00,148.00,145.50,147.50,118.16,"55,006,000"
412,2016-02-17,149.00,149.00,147.00,148.00,118.56,"38,453,000"
411,2016-02-18,150.00,151.00,149.50,151.00,120.96,"61,657,000"
410,2016-02-19,149.00,151.00,149.00,151.00,120.96,"35,668,000"
409,2016-02-22,149.50,152.50,149.50,151.00,120.96,"27,003,000"
408,2016-02-23,150.50,151.00,149.00,149.50,119.76,"22,302,000"
407,2016-02-24,149.50,150.50,147.00,148.00,118.56,"22,026,000"
406,2016-02-25,149.00,151.00,148.50,150.50,120.56,"25,202,000"
405,2016-02-26,151.00,151.50,148.00,149.00,119.36,"37,655,000"
404,2016-03-01,148.50,152.00,148.50,152.00,121.77,"38,629,000"
403,2016-03-02,154.00,154.50,153.00,153.00,122.57,"36,010,000"
402,2016-03-03,154.00,154.50,153.00,154.00,123.37,"28,822,000"
401,2016-03-04,153.00,153.50,151.50,152.50,122.17,"32,794,000"
400,2016-03-07,152.50,153.50,151.00,152.00,121.77,"23,906,000"
399,2016-03-08,151.00,152.00,149.50,152.00,121.77,"35,683,000"
398,2016-03-09,152.00,153.00,150.50,153.00,122.57,"24,004,000"
397,2016-03-10,153.00,154.50,151.50,154.50,123.77,"28,302,000"
396,2016-03-11,154.50,155.00,153.00,155.00,124.17,"29,566,000"
395,2016-03-14,156.50,157.50,155.50,156.00,124.97,"32,751,000"
394,2016-03-15,155.00,156.50,153.00,154.50,123.77,"28,689,000"
393,2016-03-16,155.50,156.00,154.00,156.00,124.97,"30,962,000"
392,2016-03-17,159.50,160.00,157.50,158.50,126.97,"48,193,000"
391,2016-03-18,158.50,159.50,158.50,159.50,127.77,"55,975,000"
390,2016-03-21,160.00,160.00,158.00,160.00,128.17,"26,100,000"
389,2016-03-22,159.50,159.50,157.00,158.50,126.97,"25,809,000"
388,2016-03-23,158.50,159.50,158.00,159.50,127.77,"27,478,000"
387,2016-03-24,158.00,159.00,157.00,158.50,126.97,"24,853,000"
386,2016-03-25,158.50,159.00,157.00,158.00,126.57,"10,175,000"
385,2016-03-28,158.00,159.00,157.00,159.00,127.37,"15,268,000"
384,2016-03-29,158.50,159.50,158.00,159.00,127.37,"18,977,000"
383,2016-03-30,158.50,162.00,158.50,161.50,129.38,"43,616,000"
382,2016-03-31,162.00,163.00,159.00,162.00,129.78,"49,433,000"
501,2016-03-31,162.00,163.00,159.00,162.00,129.78,"49,433,000"
500,2016-04-01,161.00,161.00,157.50,158.50,126.97,"31,564,000"
499,2016-04-06,155.50,156.00,153.50,153.50,122.97,"58,134,000"
498,2016-04-07,155.00,155.00,152.50,154.50,123.77,"35,238,000"
497,2016-04-08,154.00,158.00,154.00,157.50,126.17,"41,032,000"
496,2016-04-11,156.00,159.00,155.50,158.50,126.97,"21,758,000"
495,2016-04-12,157.50,159.50,157.50,158.50,126.97,"14,859,000"
494,2016-04-13,160.00,162.00,159.50,161.50,129.38,"39,611,000"
493,2016-04-14,162.00,162.50,160.00,161.50,129.38,"31,338,000"
492,2016-04-15,157.00,160.00,156.00,159.50,127.77,"48,779,000"
491,2016-04-18,158.00,158.50,157.50,158.00,126.57,"20,279,000"
490,2016-04-19,160.00,161.00,157.00,157.50,126.17,"26,577,000"
489,2016-04-20,157.50,158.00,154.00,154.00,123.37,"40,996,000"
488,2016-04-21,156.00,157.00,154.00,157.00,125.77,"29,723,000"
487,2016-04-22,155.50,158.00,155.00,156.50,125.37,"28,990,000"
486,2016-04-25,156.50,157.50,156.00,157.50,126.17,"14,306,000"
485,2016-04-26,156.50,158.50,156.50,158.00,126.57,"18,119,000"
484,2016-04-27,156.00,157.50,155.50,156.50,125.37,"28,845,000"
483,2016-04-28,157.50,158.00,153.00,153.00,122.57,"48,915,000"
482,2016-04-29,151.00,151.00,149.00,150.00,120.16,"66,445,000"
481,2016-05-03,148.00,148.50,146.50,147.50,118.16,"68,550,000"
480,2016-05-04,147.00,149.00,146.50,147.00,117.76,"52,973,000"
479,2016-05-05,147.50,148.50,146.00,147.50,118.16,"38,269,000"
478,2016-05-06,148.50,148.50,147.00,148.00,118.56,"36,510,000"
477,2016-05-09,148.50,149.00,146.50,147.50,118.16,"38,478,000"
476,2016-05-10,147.00,148.00,146.50,147.00,117.76,"29,785,000"
475,2016-05-11,148.50,149.00,146.50,147.00,117.76,"40,057,000"
474,2016-05-12,147.00,148.00,146.00,146.00,116.96,"23,749,000"
473,2016-05-13,145.00,145.50,143.00,144.00,115.36,"60,038,000"
472,2016-05-16,143.00,145.50,143.00,144.50,115.76,"31,133,000"
471,2016-05-17,145.50,147.00,145.00,147.00,117.76,"30,277,000"
470,2016-05-18,146.00,147.00,145.00,147.00,117.76,"31,057,000"
469,2016-05-19,148.00,148.50,145.50,147.00,117.76,"35,132,000"
468,2016-05-20,147.50,149.50,147.00,148.50,118.96,"36,306,000"
467,2016-05-23,150.50,154.50,149.50,154.00,123.37,"50,127,000"
466,2016-05-24,152.50,153.50,151.00,151.00,120.96,"24,470,000"
465,2016-05-25,153.50,155.00,152.50,154.50,123.77,"30,719,000"
464,2016-05-26,154.50,155.00,153.50,155.00,124.17,"17,196,000"
463,2016-05-27,156.00,156.50,154.50,156.50,125.37,"22,992,000"
462,2016-05-30,157.00,158.00,155.00,157.00,125.77,"36,339,000"
461,2016-05-31,156.50,157.50,155.00,156.50,125.37,"69,656,000"
460,2016-06-01,156.00,159.00,156.00,159.00,127.37,"26,926,000"
459,2016-06-02,159.00,160.00,158.00,159.00,127.37,"21,977,000"
458,2016-06-03,159.00,160.50,159.00,160.50,128.57,"31,853,000"
457,2016-06-04,-,-,-,-,-,-
456,2016-06-06,161.00,162.00,160.00,161.00,128.98,"28,757,000"
455,2016-06-07,161.50,163.50,161.00,162.00,129.78,"47,046,000"
454,2016-06-08,164.00,166.00,163.50,165.50,132.58,"45,214,000"
453,2016-06-13,161.00,162.50,161.00,162.00,129.78,"48,750,000"
452,2016-06-14,161.00,163.00,161.00,162.00,129.78,"27,509,000"
451,2016-06-15,162.00,163.00,161.00,163.00,130.58,"29,270,000"
450,2016-06-16,161.50,162.50,159.50,160.50,128.57,"24,408,000"
449,2016-06-17,162.50,164.50,162.00,163.00,130.58,"30,633,000"
448,2016-06-20,164.50,165.00,163.00,163.00,130.58,"24,911,000"
447,2016-06-21,164.00,165.50,163.50,165.50,132.58,"27,970,000"
446,2016-06-22,164.50,166.00,163.50,166.00,132.98,"30,359,000"
445,2016-06-23,165.50,166.00,164.00,164.00,131.38,"22,494,000"
444,2016-06-24,164.00,164.00,154.50,159.00,127.37,"86,547,000"
443,2016-06-27,154.50,156.00,154.00,155.50,129.45,"42,874,000"
442,2016-06-28,155.50,157.50,155.00,157.00,130.70,"1,327,000"
441,2016-06-29,158.50,160.00,158.00,159.00,132.37,"31,514,000"
440,2016-06-30,161.00,163.00,159.50,162.50,135.28,"42,398,000"
567,2016-06-30,161.00,163.00,159.50,162.50,135.28,"42,398,000"
566,2016-07-01,164.50,166.00,163.50,166.00,138.20,"36,212,000"
565,2016-07-04,165.50,166.50,164.50,166.00,138.20,"25,724,000"
564,2016-07-05,165.00,165.50,164.00,164.00,136.53,"16,346,000"
563,2016-07-06,163.00,163.00,160.50,161.50,134.45,"34,803,000"
562,2016-07-07,163.50,165.00,163.00,164.50,136.95,"23,769,000"
561,2016-07-08,164.50,164.50,164.50,164.50,136.95,-
560,2016-07-11,170.00,170.50,168.50,170.00,141.53,"50,643,000"
559,2016-07-12,171.00,171.50,169.50,171.00,142.36,"41,961,000"
558,2016-07-13,169.50,170.00,167.00,168.50,140.28,"50,653,000"
557,2016-07-14,167.00,170.00,167.00,169.00,140.69,"34,790,000"
556,2016-07-15,168.00,169.50,166.50,169.50,141.11,"41,546,000"
555,2016-07-18,168.00,170.00,168.00,169.50,141.11,"24,749,000"
554,2016-07-19,170.50,170.50,169.00,170.50,141.94,"42,456,000"
553,2016-07-20,170.00,170.50,169.00,170.00,141.53,"38,053,000"
552,2016-07-21,171.00,172.00,170.00,172.00,143.19,"33,130,000"
551,2016-07-22,172.00,172.00,170.50,171.00,142.36,"28,504,000"
550,2016-07-25,172.00,173.00,169.00,171.50,142.77,"27,145,000"
549,2016-07-26,172.00,173.00,171.50,173.00,144.02,"32,685,000"
548,2016-07-27,175.00,176.00,174.50,175.00,145.69,"34,117,000"
547,2016-07-28,175.00,176.50,173.00,176.50,146.94,"31,071,000"
546,2016-07-29,177.00,177.00,172.50,172.50,143.61,"29,795,000"
545,2016-08-01,175.00,177.00,174.50,177.00,147.35,"34,188,000"
544,2016-08-02,177.50,177.50,175.50,176.00,146.52,"15,250,000"
543,2016-08-03,172.50,174.00,172.00,172.50,143.61,"21,627,000"
542,2016-08-04,173.00,174.50,172.50,174.50,145.27,"13,612,000"
541,2016-08-05,175.00,177.50,174.00,177.00,147.35,"25,759,000"
540,2016-08-08,178.00,178.00,176.50,178.00,148.19,"16,200,000"
539,2016-08-09,178.50,179.50,177.00,178.50,148.60,"16,413,000"
538,2016-08-10,179.00,179.50,178.00,179.50,149.43,"19,279,000"
537,2016-08-11,177.50,178.00,175.50,176.50,146.94,"28,180,000"
536,2016-08-12,178.50,178.50,177.00,177.50,147.77,"22,947,000"
535,2016-08-15,178.50,179.00,177.50,179.00,149.02,"12,020,000"
534,2016-08-16,178.00,179.00,175.00,175.50,146.10,"34,260,000"
533,2016-08-17,177.00,177.50,176.00,177.00,147.35,"21,487,000"
532,2016-08-18,176.00,176.50,175.00,176.00,146.52,"27,253,000"
531,2016-08-19,177.00,177.50,174.00,174.50,145.27,"23,470,000"
530,2016-08-22,173.00,174.00,171.50,172.50,143.61,"21,337,000"
529,2016-08-23,174.00,175.00,173.50,175.00,145.69,"20,888,000"
528,2016-08-24,175.00,175.50,173.50,173.50,144.44,"12,092,000"
527,2016-08-25,175.00,177.00,174.50,176.50,146.94,"23,892,000"
526,2016-08-26,175.00,177.00,175.00,177.00,147.35,"15,076,000"
525,2016-08-29,175.00,177.00,174.00,176.00,146.52,"16,975,000"
524,2016-08-30,176.00,176.50,174.00,174.00,144.86,"19,471,000"
523,2016-08-31,176.50,177.00,174.50,176.50,146.94,"38,524,000"
522,2016-09-01,176.00,176.00,173.00,174.00,144.86,"22,692,000"
521,2016-09-02,176.50,176.50,174.00,174.00,144.86,"16,999,000"
520,2016-09-05,176.50,177.50,176.50,177.00,147.35,"22,381,000"
519,2016-09-06,177.00,179.00,176.50,178.00,148.19,"26,024,000"
518,2016-09-07,180.50,185.00,180.00,185.00,154.01,"49,761,000"
517,2016-09-08,182.50,184.50,182.50,183.00,152.35,"30,204,000"
516,2016-09-09,181.00,181.00,179.50,180.50,150.27,"29,793,000"
515,2016-09-10,-,-,-,-,-,-
514,2016-09-12,177.50,177.50,174.00,175.50,146.10,"43,036,000"
513,2016-09-13,176.50,176.50,173.50,175.50,146.10,"36,834,000"
512,2016-09-14,174.00,176.00,173.50,174.00,144.86,"52,877,000"
511,2016-09-19,179.50,183.00,178.50,183.00,152.35,"57,055,000"
510,2016-09-20,182.00,183.50,181.50,183.50,152.76,"23,641,000"
509,2016-09-21,181.00,184.00,180.50,184.00,153.18,"25,008,000"
508,2016-09-22,185.00,185.50,183.50,185.00,154.01,"20,980,000"
507,2016-09-23,185.00,187.50,184.50,187.00,155.68,"23,213,000"
506,2016-09-26,183.50,185.00,183.00,183.50,152.76,"24,225,000"
505,2016-09-27,183.50,183.50,183.50,183.50,152.76,-
504,2016-09-28,183.50,183.50,183.50,183.50,152.76,-
503,2016-09-29,185.50,187.50,185.50,187.00,155.68,"54,272,000"
502,2016-09-30,185.50,186.50,182.50,184.00,153.18,"42,592,000"
632,2016-09-30,185.50,186.50,182.50,184.00,153.18,"42,592,000"
631,2016-10-03,186.00,186.50,184.50,186.00,154.85,"17,742,000"
630,2016-10-04,185.00,187.00,185.00,187.00,155.68,"16,859,000"
629,2016-10-05,186.00,186.00,184.50,186.00,154.85,"19,148,000"
628,2016-10-06,185.00,187.50,185.00,187.50,156.09,"15,524,000"
627,2016-10-07,188.00,188.00,186.00,188.00,156.51,"15,380,000"
626,2016-10-11,191.00,191.00,186.00,187.50,156.09,"30,294,000"
625,2016-10-12,186.50,190.00,186.00,189.50,157.76,"22,604,000"
624,2016-10-13,190.50,191.00,187.00,188.50,156.93,"37,642,000"
623,2016-10-14,187.00,189.00,186.50,188.00,156.51,"33,248,000"
622,2016-10-17,186.50,187.50,185.00,186.50,155.26,"37,340,000"
621,2016-10-18,186.50,187.00,185.50,187.00,155.68,"38,150,000"
620,2016-10-19,187.50,189.50,187.50,189.50,157.76,"33,272,000"
619,2016-10-20,189.50,190.50,189.00,190.50,158.59,"13,226,000"
618,2016-10-21,191.00,192.00,188.50,188.50,156.93,"21,936,000"
617,2016-10-24,191.00,191.00,189.50,191.00,159.01,"13,459,000"
616,2016-10-25,192.00,193.00,191.00,193.00,160.67,"18,878,000"
615,2016-10-26,190.50,192.50,190.50,191.50,159.42,"21,043,000"
614,2016-10-27,191.50,191.50,188.50,188.50,156.93,"26,231,000"
613,2016-10-28,189.50,190.00,188.50,189.50,157.76,"24,348,000"
612,2016-10-31,189.00,190.50,186.50,188.50,156.93,"25,330,000"
611,2016-11-01,188.50,189.50,187.50,189.50,157.76,"14,290,000"
610,2016-11-02,187.50,188.00,186.00,186.00,154.85,"16,488,000"
609,2016-11-03,185.50,186.50,184.50,184.50,153.60,"25,038,000"
608,2016-11-04,184.50,186.00,184.00,184.50,153.60,"14,860,000"
607,2016-11-07,186.50,189.00,186.00,189.00,157.34,"21,332,000"
606,2016-11-08,190.00,190.00,188.00,188.50,156.93,"15,437,000"
605,2016-11-09,190.00,190.50,182.00,182.00,151.52,"55,541,000"
604,2016-11-10,187.00,188.00,185.50,185.50,154.43,"38,234,000"
603,2016-11-11,181.50,183.00,181.00,181.50,151.10,"67,603,000"
602,2016-11-14,181.00,182.00,180.00,180.50,150.27,"47,989,000"
601,2016-11-15,179.50,182.00,179.00,180.00,149.85,"33,505,000"
600,2016-11-16,180.50,183.00,180.00,180.00,149.85,"34,833,000"
599,2016-11-17,182.00,182.50,180.50,181.50,151.10,"22,434,000"
598,2016-11-18,181.50,181.50,180.00,181.00,150.68,"22,474,000"
597,2016-11-21,180.50,181.50,180.00,181.00,150.68,"15,600,000"
596,2016-11-22,182.00,185.00,181.50,184.00,153.18,"27,599,000"
595,2016-11-23,184.50,186.50,184.00,185.50,154.43,"22,128,000"
594,2016-11-24,184.00,185.00,183.00,183.00,152.35,"14,980,000"
593,2016-11-25,182.50,183.50,182.00,182.00,151.52,"10,116,000"
592,2016-11-28,181.50,184.00,181.50,184.00,153.18,"19,096,000"
591,2016-11-29,183.50,185.00,182.00,182.00,151.52,"24,408,000"
590,2016-11-30,181.50,183.00,181.50,183.00,152.35,"39,671,000"
589,2016-12-01,182.00,183.00,181.50,183.00,152.35,"13,908,000"
588,2016-12-02,179.00,179.50,178.00,178.00,148.19,"53,836,000"
587,2016-12-05,178.00,180.00,178.00,179.00,149.02,"29,191,000"
586,2016-12-06,181.00,183.00,180.50,182.00,151.52,"27,309,000"
585,2016-12-07,183.00,183.50,181.50,181.50,151.10,"14,110,000"
584,2016-12-08,184.00,185.50,183.00,185.50,154.43,"27,257,000"
583,2016-12-09,186.00,186.00,184.50,186.00,154.85,"24,867,000"
582,2016-12-12,186.00,187.00,184.00,185.00,154.01,"18,796,000"
581,2016-12-13,186.50,186.50,184.50,186.00,154.85,"23,591,000"
580,2016-12-14,186.50,187.50,185.50,187.50,156.09,"16,571,000"
579,2016-12-15,185.00,187.50,184.50,187.00,155.68,"22,803,000"
578,2016-12-16,185.50,187.00,185.00,185.00,154.01,"35,985,000"
577,2016-12-19,184.00,184.50,182.50,182.50,151.93,"20,535,000"
576,2016-12-20,181.00,182.50,180.00,182.50,151.93,"24,139,000"
575,2016-12-21,181.00,182.00,180.00,180.00,149.85,"29,690,000"
574,2016-12-22,180.00,180.50,179.00,179.00,149.02,"26,269,000"
573,2016-12-23,179.00,180.00,178.50,178.50,148.60,"22,961,000"
572,2016-12-26,179.00,180.00,179.00,179.50,149.43,"5,675,000"
571,2016-12-27,180.00,180.50,179.50,180.00,149.85,"8,252,000"
570,2016-12-28,181.00,182.00,180.50,182.00,151.52,"21,226,000"
569,2016-12-29,180.00,181.50,180.00,180.00,149.85,"30,200,000"
568,2016-12-30,181.00,182.50,180.00,181.50,151.10,"36,610,000"
689,2017-01-03,181.50,183.50,181.00,183.00,152.35,"22,630,000"
688,2017-01-04,183.00,184.00,181.50,183.00,152.35,"24,369,000"
687,2017-01-05,182.00,183.50,181.50,183.50,152.76,"20,979,000"
686,2017-01-06,184.00,184.50,183.50,184.00,153.18,"22,443,000"
685,2017-01-09,184.00,185.00,183.00,184.00,153.18,"18,569,000"
684,2017-01-10,184.50,185.50,183.50,184.00,153.18,"20,198,000"
683,2017-01-11,185.00,185.00,181.50,182.00,151.52,"29,107,000"
682,2017-01-12,182.50,185.50,182.50,184.50,153.60,"41,130,000"
681,2017-01-13,180.50,182.50,180.50,181.50,151.10,"52,352,000"
680,2017-01-16,180.00,180.50,179.00,179.50,149.43,"30,756,000"
679,2017-01-17,180.50,181.00,179.50,181.00,150.68,"13,159,000"
678,2017-01-18,180.50,181.00,179.50,181.00,150.68,"23,693,000"
677,2017-01-19,179.50,181.00,179.50,180.50,150.27,"24,627,000"
676,2017-01-20,181.00,181.50,180.50,181.00,150.68,"23,429,000"
675,2017-01-23,182.50,185.00,182.50,185.00,154.01,"36,992,000"
674,2017-01-24,185.00,186.50,184.50,185.50,154.43,"55,022,000"
673,2017-02-02,188.00,188.50,184.00,184.50,153.60,"94,089,000"
672,2017-02-03,186.00,186.00,183.50,184.50,153.60,"29,518,000"
671,2017-02-06,184.50,185.50,184.00,184.50,153.60,"24,779,000"
670,2017-02-07,183.50,185.00,183.00,184.50,153.60,"23,616,000"
669,2017-02-08,183.50,184.50,183.00,183.50,152.76,"29,168,000"
668,2017-02-09,184.00,185.50,183.50,184.00,153.18,"18,967,000"
667,2017-02-10,184.50,185.50,184.00,185.50,154.43,"34,747,000"
666,2017-02-13,186.50,188.00,186.50,187.50,156.09,"25,124,000"
665,2017-02-14,189.00,190.00,187.50,187.50,156.09,"45,696,000"
664,2017-02-15,187.00,189.50,186.50,189.00,157.34,"39,347,000"
663,2017-02-16,190.00,190.50,188.00,189.00,157.34,"27,018,000"
662,2017-02-17,190.00,190.50,189.00,189.50,157.76,"20,389,000"
661,2017-02-18,-,-,-,-,-,-
660,2017-02-20,190.00,190.50,189.50,190.00,158.18,"13,254,000"
659,2017-02-21,190.00,190.00,188.50,190.00,158.18,"31,159,000"
658,2017-02-22,190.50,191.00,188.50,188.50,156.93,"25,677,000"
657,2017-02-23,188.00,189.50,187.00,188.50,156.93,"35,725,000"
656,2017-02-24,187.50,190.50,187.50,189.00,157.34,"22,766,000"
655,2017-03-01,188.50,188.50,186.00,186.00,154.85,"46,186,000"
654,2017-03-02,188.00,188.50,185.00,186.00,154.85,"39,980,000"
653,2017-03-03,184.50,185.00,184.00,184.00,153.18,"28,197,000"
652,2017-03-06,184.00,184.50,183.50,183.50,152.76,"12,531,000"
651,2017-03-07,184.00,185.50,184.00,185.50,154.43,"18,812,000"
650,2017-03-08,186.00,188.00,185.50,187.00,155.68,"31,791,000"
649,2017-03-09,185.50,186.00,184.00,184.50,153.60,"28,489,000"
648,2017-03-10,184.00,184.50,183.00,183.50,152.76,"20,053,000"
647,2017-03-13,185.00,186.50,185.00,186.50,155.26,"10,487,000"
646,2017-03-14,188.00,188.00,186.00,186.00,154.85,"22,245,000"
645,2017-03-15,185.50,187.00,185.50,186.50,155.26,"14,131,000"
644,2017-03-16,188.00,190.00,188.00,190.00,158.18,"31,507,000"
643,2017-03-17,189.50,191.50,189.00,191.50,159.42,"33,764,000"
642,2017-03-20,191.50,191.50,189.50,191.50,159.42,"16,215,000"
641,2017-03-21,192.00,195.00,191.50,195.00,162.34,"32,246,000"
640,2017-03-22,192.50,193.50,191.50,193.50,161.09,"27,396,000"
639,2017-03-23,192.00,193.50,192.00,193.50,161.09,"18,472,000"
638,2017-03-24,192.00,193.00,192.00,192.50,160.26,"17,541,000"
637,2017-03-27,194.50,194.50,192.00,193.00,160.67,"29,251,000"
636,2017-03-28,195.00,195.00,192.50,194.50,161.92,"38,259,000"
635,2017-03-29,194.50,194.50,191.00,191.50,159.42,"33,374,000"
634,2017-03-30,192.50,193.00,190.50,191.50,159.42,"28,302,000"
633,2017-03-31,191.00,192.00,189.00,189.00,157.34,"33,635,000"
751,2017-03-31,191.00,192.00,189.00,189.00,157.34,"33,635,000"
750,2017-04-05,189.50,193.00,189.50,193.00,160.67,"43,748,000"
749,2017-04-06,193.00,193.00,191.00,191.50,159.42,"16,173,000"
748,2017-04-07,192.00,192.00,188.50,191.00,159.01,"18,911,000"
747,2017-04-10,191.00,191.50,189.50,190.00,158.18,"17,024,000"
746,2017-04-11,190.00,191.00,189.00,191.00,159.01,"8,441,000"
745,2017-04-12,190.50,191.50,190.00,191.00,159.01,"17,283,000"
744,2017-04-13,189.50,192.00,189.50,191.50,159.42,"14,771,000"
743,2017-04-14,189.50,189.50,188.00,189.00,157.34,"30,701,000"
742,2017-04-17,189.00,189.00,187.50,187.50,156.09,"17,096,000"
741,2017-04-18,188.00,189.50,187.50,188.00,156.51,"25,063,000"
740,2017-04-19,187.50,187.50,186.50,186.50,155.26,"30,477,000"
739,2017-04-20,186.50,188.00,186.50,187.00,155.68,"21,488,000"
738,2017-04-21,187.50,190.00,187.50,190.00,158.18,"17,373,000"
737,2017-04-24,191.00,191.50,188.50,190.00,158.18,"19,317,000"
736,2017-04-25,190.50,192.00,189.50,192.00,159.84,"31,932,000"
735,2017-04-26,192.00,192.00,190.50,191.00,159.01,"29,909,000"
734,2017-04-27,192.00,193.00,190.50,193.00,160.67,"27,940,000"
733,2017-04-28,193.50,194.50,193.00,194.50,161.92,"34,852,000"
732,2017-05-02,198.50,199.00,195.50,196.50,163.59,"44,119,000"
731,2017-05-03,198.00,198.50,197.00,198.00,164.84,"25,723,000"
730,2017-05-04,198.50,199.00,197.00,198.00,164.84,"22,088,000"
729,2017-05-05,197.00,198.50,197.00,197.50,164.42,"17,036,000"
728,2017-05-08,199.00,202.50,199.00,202.50,168.58,"36,538,000"
727,2017-05-09,205.50,207.00,203.50,203.50,169.41,"48,077,000"
726,2017-05-10,204.00,206.00,204.00,205.50,171.08,"28,312,000"
725,2017-05-11,204.50,208.50,204.00,207.50,172.74,"43,718,000"
724,2017-05-12,205.00,207.00,205.00,206.00,171.50,"25,009,000"
723,2017-05-15,204.00,206.00,204.00,206.00,171.50,"25,666,000"
722,2017-05-16,205.00,205.00,203.50,204.50,170.25,"33,224,000"
721,2017-05-17,203.00,204.00,203.00,204.00,169.83,"21,567,000"
720,2017-05-18,202.50,204.00,201.50,203.50,169.41,"22,461,000"
719,2017-05-19,203.50,204.50,202.50,203.00,169.00,"16,492,000"
718,2017-05-22,203.50,205.00,203.00,205.00,170.66,"13,726,000"
717,2017-05-23,205.00,207.00,204.50,205.00,170.66,"19,991,000"
716,2017-05-24,205.00,206.00,205.00,205.50,171.08,"13,380,000"
715,2017-05-25,206.00,207.00,205.50,207.00,172.33,"22,328,000"
714,2017-05-26,205.00,207.00,205.00,207.00,172.33,"32,514,000"
713,2017-05-31,206.50,207.00,203.00,203.00,169.00,"67,475,000"
712,2017-06-01,205.00,207.00,204.50,207.00,172.33,"27,589,000"
711,2017-06-02,208.50,209.00,207.50,209.00,173.99,"22,573,000"
710,2017-06-03,-,-,-,-,-,-
709,2017-06-05,209.50,212.00,209.00,212.00,176.49,"21,457,000"
708,2017-06-06,210.50,211.50,210.50,210.50,175.24,"14,912,000"
707,2017-06-07,212.00,212.50,210.00,211.50,176.07,"29,514,000"
706,2017-06-08,212.00,213.00,211.50,213.00,177.32,"18,437,000"
705,2017-06-09,214.50,215.00,212.00,212.00,176.49,"31,774,000"
704,2017-06-12,207.00,210.00,207.00,207.50,172.74,"58,256,000"
703,2017-06-13,207.00,208.50,206.50,208.00,173.16,"43,566,000"
702,2017-06-14,208.50,209.50,206.00,207.00,172.33,"36,293,000"
701,2017-06-15,207.50,208.00,207.00,208.00,173.16,"17,748,000"
700,2017-06-16,207.50,212.00,207.00,211.50,176.07,"32,816,000"
699,2017-06-19,211.00,213.00,210.50,213.00,177.32,"15,632,000"
698,2017-06-20,215.00,218.00,214.50,216.50,180.24,"28,630,000"
697,2017-06-21,216.00,217.00,214.50,215.50,179.40,"44,789,000"
696,2017-06-22,217.00,218.00,216.50,218.00,181.49,"24,139,000"
695,2017-06-23,218.00,218.50,217.00,217.00,180.65,"39,621,000"
694,2017-06-26,212.00,215.00,212.00,215.00,184.95,"58,686,000"
693,2017-06-27,214.00,214.00,211.00,211.50,181.94,"43,269,000"
692,2017-06-28,209.50,210.00,208.00,208.50,179.36,"48,568,000"
691,2017-06-29,210.50,210.50,208.50,210.00,180.65,"26,019,000"
817,2017-06-30,206.50,208.50,206.50,208.50,179.36,"30,867,000"
690,2017-06-30,206.50,208.50,206.50,208.50,179.36,"30,867,000"
816,2017-07-03,207.50,209.00,207.00,209.00,179.79,"19,027,000"
815,2017-07-04,208.00,208.50,207.00,207.00,178.07,"21,132,000"
814,2017-07-05,207.00,208.50,206.50,208.50,179.36,"23,276,000"
813,2017-07-06,208.00,208.50,207.00,207.50,178.50,"15,242,000"
812,2017-07-07,207.00,207.50,205.50,206.00,177.21,"20,655,000"
811,2017-07-10,206.50,207.00,206.00,206.00,177.21,"13,292,000"
810,2017-07-11,208.00,212.00,207.50,212.00,182.37,"33,265,000"
809,2017-07-12,211.00,212.50,210.50,210.50,181.08,"26,426,000"
808,2017-07-13,212.00,216.00,211.50,214.50,184.52,"50,090,000"
807,2017-07-14,213.00,214.50,212.00,213.00,183.23,"22,335,000"
806,2017-07-17,215.00,215.50,211.50,213.00,183.23,"21,372,000"
805,2017-07-18,213.00,214.00,212.00,214.00,184.09,"18,613,000"
804,2017-07-19,212.50,215.00,212.50,214.50,184.52,"20,637,000"
803,2017-07-20,215.00,215.50,214.00,215.50,185.38,"20,770,000"
802,2017-07-21,214.00,215.00,213.50,214.00,184.09,"15,032,000"
801,2017-07-24,213.50,214.50,213.00,214.50,184.52,"19,972,000"
800,2017-07-25,214.00,214.50,213.50,214.00,184.09,"13,344,000"
799,2017-07-26,215.00,215.00,212.50,213.00,183.23,"14,684,000"
798,2017-07-27,213.50,216.00,213.50,215.50,185.38,"23,013,000"
797,2017-07-28,213.00,214.00,212.50,213.00,183.23,"19,724,000"
796,2017-07-31,211.50,214.50,211.50,214.50,184.52,"19,993,000"
795,2017-08-01,212.50,214.00,212.00,212.00,182.37,"19,704,000"
794,2017-08-02,214.00,216.00,214.00,216.00,185.82,"27,320,000"
793,2017-08-03,213.00,214.00,212.50,213.50,183.66,"25,694,000"
792,2017-08-04,213.50,214.00,212.50,213.00,183.23,"21,831,000"
791,2017-08-07,213.50,216.50,213.50,216.00,185.82,"21,564,000"
790,2017-08-08,217.50,219.00,216.00,217.50,187.11,"25,122,000"
789,2017-08-09,215.00,215.50,213.50,214.50,184.52,"28,050,000"
788,2017-08-10,215.50,215.50,212.50,214.00,184.09,"26,273,000"
787,2017-08-11,211.00,213.50,210.50,212.50,182.80,"41,417,000"
786,2017-08-14,213.50,214.00,210.00,211.00,181.51,"29,299,000"
785,2017-08-15,213.00,214.50,213.00,214.00,184.09,"13,512,000"
784,2017-08-16,214.50,214.50,211.00,213.00,183.23,"25,176,000"
783,2017-08-17,213.50,214.00,213.00,214.00,184.09,"8,334,000"
782,2017-08-18,212.00,213.00,211.00,212.50,182.80,"13,711,000"
781,2017-08-21,212.50,213.00,211.50,211.50,181.94,"11,882,499"
780,2017-08-22,213.50,214.50,213.00,214.50,184.52,"14,211,415"
779,2017-08-23,215.50,216.00,214.00,215.50,185.38,"11,589,917"
778,2017-08-24,216.00,217.00,215.50,217.00,186.68,"15,224,842"
777,2017-08-25,217.50,217.50,216.00,217.50,187.11,"10,125,387"
776,2017-08-28,215.00,216.50,215.00,216.00,185.82,"15,236,159"
775,2017-08-29,216.00,216.00,215.00,216.00,185.82,"16,160,161"
774,2017-08-30,216.00,218.00,216.00,217.50,187.11,"19,674,310"
773,2017-08-31,217.50,218.00,215.50,216.50,186.25,"26,434,202"
772,2017-09-01,215.00,217.50,215.00,216.50,186.25,"17,805,405"
771,2017-09-04,216.50,218.00,215.50,217.50,187.11,"15,023,185"
770,2017-09-05,218.00,218.00,216.50,218.00,187.54,"17,357,347"
769,2017-09-06,216.50,218.00,216.00,217.00,186.68,"16,012,662"
768,2017-09-07,218.00,218.50,216.00,217.00,186.68,"19,135,540"
767,2017-09-08,217.00,218.00,216.50,218.00,187.54,"25,512,045"
766,2017-09-11,219.00,219.50,216.50,217.00,186.68,"19,026,886"
765,2017-09-12,219.00,219.50,217.50,219.00,188.40,"21,588,321"
764,2017-09-13,217.50,219.00,217.50,218.00,187.54,"17,555,541"
763,2017-09-14,218.50,219.00,217.50,218.50,187.97,"18,315,567"
762,2017-09-15,218.50,219.00,217.00,218.50,187.97,"44,551,103"
761,2017-09-18,219.00,220.00,218.00,219.50,188.83,"17,654,705"
760,2017-09-19,221.50,221.50,220.00,221.50,190.55,"23,410,233"
759,2017-09-20,221.00,222.00,220.00,221.50,190.55,"20,320,237"
758,2017-09-21,221.00,223.00,220.00,221.00,190.12,"18,645,565"
757,2017-09-22,221.50,222.00,218.50,218.50,187.97,"21,557,370"
756,2017-09-25,217.50,218.50,217.00,217.00,186.68,"16,876,286"
755,2017-09-26,217.50,218.00,214.00,214.00,184.09,"23,070,901"
754,2017-09-27,217.50,217.50,215.00,215.00,184.95,"22,590,510"
753,2017-09-28,215.00,216.00,213.50,214.00,184.09,"31,616,062"
752,2017-09-29,216.00,217.50,215.50,216.50,186.25,"21,380,708"
879,2017-10-02,219.50,220.50,218.50,220.50,189.69,"27,983,551"
878,2017-10-03,219.00,223.00,219.00,222.50,191.41,"36,679,938"
877,2017-10-05,222.00,225.50,222.00,224.50,193.13,"23,349,939"
876,2017-10-06,225.00,225.50,223.50,224.50,193.13,"15,642,516"
875,2017-10-11,226.50,233.50,226.50,233.00,200.44,"63,667,562"
874,2017-10-12,235.00,237.50,234.50,237.50,204.31,"42,390,186"
873,2017-10-13,237.50,237.50,234.50,237.50,204.31,"23,145,071"
872,2017-10-16,237.50,238.00,236.00,238.00,204.74,"19,964,072"
871,2017-10-17,238.00,238.00,235.00,235.50,202.59,"17,652,304"
870,2017-10-18,239.50,239.50,237.00,237.50,204.31,"28,886,850"
869,2017-10-19,239.50,241.50,239.00,239.00,205.60,"23,481,776"
868,2017-10-20,238.00,239.50,237.50,237.50,204.31,"24,722,035"
867,2017-10-23,239.00,240.00,238.50,239.00,205.60,"15,772,559"
866,2017-10-24,240.00,240.00,238.00,238.00,204.74,"14,975,093"
865,2017-10-25,238.50,239.00,237.50,238.00,204.74,"16,880,187"
864,2017-10-26,237.00,238.00,236.00,236.00,203.02,"12,959,717"
863,2017-10-27,237.50,240.00,237.50,239.00,205.60,"17,773,541"
862,2017-10-30,242.00,245.00,241.50,243.00,209.04,"27,784,990"
861,2017-10-31,243.50,245.00,241.50,243.00,209.04,"22,582,013"
860,2017-11-01,243.50,245.00,241.50,242.50,208.61,"20,389,054"
859,2017-11-02,242.00,242.50,240.50,241.00,207.32,"15,810,342"
858,2017-11-03,240.50,241.00,238.50,239.00,205.60,"16,528,682"
857,2017-11-06,243.50,244.00,239.00,239.50,206.03,"21,029,415"
856,2017-11-07,242.00,244.00,241.50,244.00,209.90,"20,200,261"
855,2017-11-08,243.00,243.50,242.00,242.50,208.61,"14,129,103"
854,2017-11-09,240.50,243.00,240.00,241.00,207.32,"20,313,949"
853,2017-11-10,240.00,242.00,239.50,240.50,206.89,"14,121,296"
852,2017-11-13,240.00,241.50,239.50,239.50,206.03,"12,087,858"
851,2017-11-14,241.00,241.00,239.00,240.00,206.46,"16,880,176"
850,2017-11-15,239.00,239.50,236.00,237.50,204.31,"28,720,308"
849,2017-11-16,238.00,240.00,237.50,238.00,204.74,"16,487,172"
848,2017-11-17,240.50,242.50,240.50,241.50,207.75,"18,676,825"
847,2017-11-20,241.00,241.50,238.00,238.50,205.17,"16,265,271"
846,2017-11-21,240.00,243.00,239.50,243.00,209.04,"20,513,024"
845,2017-11-22,244.50,244.50,242.00,242.00,208.18,"26,626,431"
844,2017-11-23,242.00,243.50,241.50,242.50,208.61,"9,346,763"
843,2017-11-24,242.00,244.50,241.50,244.00,209.90,"11,154,453"
842,2017-11-27,240.00,240.00,237.00,237.00,203.88,"32,247,324"
841,2017-11-28,234.50,235.00,233.00,234.00,201.30,"44,803,178"
840,2017-11-29,235.00,236.00,234.50,234.50,201.73,"25,762,797"
839,2017-11-30,226.50,230.50,226.00,226.00,194.42,"109,231,770"
838,2017-12-01,228.50,233.50,227.50,231.00,198.72,"37,446,265"
837,2017-12-04,232.50,234.50,231.00,234.00,201.30,"21,635,032"
836,2017-12-05,231.00,231.00,228.50,229.50,197.43,"29,664,765"
835,2017-12-06,228.00,229.50,226.50,227.00,195.28,"32,371,690"
834,2017-12-07,226.50,226.50,222.50,226.50,194.85,"41,343,903"
833,2017-12-08,231.00,231.00,224.50,227.00,195.28,"37,959,260"
832,2017-12-11,228.50,229.00,227.00,227.50,195.71,"20,649,609"
831,2017-12-12,229.50,229.50,225.00,227.50,195.71,"21,796,584"
830,2017-12-13,227.50,228.00,226.50,227.00,195.28,"17,920,331"
829,2017-12-14,228.00,230.50,227.50,230.50,198.29,"17,193,313"
828,2017-12-15,228.50,230.00,226.50,230.00,197.86,"42,625,779"
827,2017-12-18,227.00,228.00,226.50,227.00,195.28,"14,564,664"
826,2017-12-19,226.50,228.50,224.00,225.00,193.56,"25,714,129"
825,2017-12-20,225.00,225.50,223.50,224.50,193.13,"26,289,333"
824,2017-12-21,226.50,227.00,224.50,225.00,193.56,"18,558,164"
823,2017-12-22,225.00,227.50,224.00,227.50,195.71,"19,036,483"
822,2017-12-25,228.00,229.50,226.50,228.50,196.57,"4,579,675"
821,2017-12-26,229.00,229.00,225.00,226.00,194.42,"13,755,843"
820,2017-12-27,225.00,226.00,225.00,225.00,193.56,"12,515,245"
819,2017-12-28,226.50,228.00,225.00,226.00,194.42,"24,304,371"
818,2017-12-29,227.50,230.00,226.50,229.50,197.43,"25,007,443"
936,2018-01-02,231.50,232.50,231.00,232.50,200.01,"18,055,269"
935,2018-01-03,236.00,238.00,235.50,237.00,203.88,"29,308,091"
934,2018-01-04,240.00,240.00,236.50,239.50,206.03,"29,096,613"
933,2018-01-05,240.00,240.00,238.00,240.00,206.46,"22,438,255"
932,2018-01-08,242.00,242.50,240.50,242.00,208.18,"20,233,692"
931,2018-01-09,242.00,242.00,239.50,242.00,208.18,"19,043,123"
930,2018-01-10,241.50,242.00,236.00,236.50,203.45,"23,631,220"
929,2018-01-11,235.00,236.00,232.50,235.00,202.16,"30,446,338"
928,2018-01-12,234.50,238.00,233.50,237.00,203.88,"21,513,291"
927,2018-01-15,240.00,240.00,238.00,240.00,206.46,"27,476,533"
926,2018-01-16,240.00,240.50,238.00,240.50,206.89,"21,691,632"
925,2018-01-17,240.50,243.00,239.00,242.00,208.18,"38,046,119"
924,2018-01-18,245.00,250.00,245.00,248.50,213.77,"49,896,952"
923,2018-01-19,253.50,255.50,251.50,255.50,219.80,"50,549,292"
922,2018-01-22,257.50,262.00,257.00,261.50,224.96,"43,400,509"
921,2018-01-23,262.50,266.00,262.50,266.00,228.83,"33,527,444"
920,2018-01-24,263.00,263.00,256.50,258.00,221.95,"41,874,813"
919,2018-01-25,258.00,264.00,256.50,258.00,221.95,"44,643,756"
918,2018-01-26,256.50,257.50,253.50,255.00,219.36,"39,555,523"
917,2018-01-29,259.00,261.50,255.00,258.50,222.38,"30,071,234"
916,2018-01-30,256.00,257.50,252.50,253.00,217.64,"36,860,591"
915,2018-01-31,253.00,257.50,252.00,255.00,219.36,"44,136,808"
914,2018-02-01,257.50,261.00,257.00,259.50,223.24,"30,559,457"
913,2018-02-02,259.00,260.00,255.00,259.50,223.24,"25,707,560"
912,2018-02-05,251.00,254.50,250.50,253.00,217.64,"45,594,379"
911,2018-02-06,242.50,243.50,234.00,239.00,205.60,"102,409,048"
910,2018-02-07,245.00,245.50,239.50,240.00,206.46,"80,063,178"
909,2018-02-08,239.50,242.00,238.00,238.50,205.17,"30,989,550"
908,2018-02-09,230.00,233.00,228.50,232.50,200.01,"65,735,265"
907,2018-02-12,235.50,237.50,235.00,236.50,203.45,"35,635,236"
906,2018-02-21,244.50,244.50,242.00,242.50,208.61,"71,504,174"
905,2018-02-22,244.00,244.00,239.00,239.50,206.03,"39,239,993"
904,2018-02-23,241.00,245.00,241.00,245.00,210.76,"26,985,776"
903,2018-02-26,247.00,247.50,245.00,246.50,212.05,"35,901,810"
902,2018-02-27,250.50,250.50,246.00,246.00,211.62,"40,818,119"
901,2018-03-01,244.00,245.00,242.00,243.00,209.04,"39,719,984"
900,2018-03-02,240.00,241.00,238.50,240.00,206.46,"35,139,170"
899,2018-03-05,242.50,243.00,240.50,241.50,207.75,"27,337,846"
898,2018-03-06,245.50,250.00,245.50,250.00,215.06,"34,890,780"
897,2018-03-07,248.00,248.50,246.00,247.00,212.48,"30,391,219"
896,2018-03-08,249.50,251.50,249.00,249.50,214.63,"20,645,694"
895,2018-03-09,250.00,251.00,248.50,250.50,215.49,"19,831,063"
894,2018-03-12,252.00,255.00,251.50,254.00,218.50,"24,492,615"
893,2018-03-13,255.50,259.00,255.00,259.00,222.81,"33,756,883"
892,2018-03-14,256.50,257.50,255.50,257.00,221.09,"23,772,838"
891,2018-03-15,258.00,258.00,255.00,255.00,219.36,"19,396,493"
890,2018-03-16,253.00,256.00,249.50,255.00,219.36,"62,929,326"
889,2018-03-19,252.50,255.50,251.00,255.00,219.36,"21,440,766"
888,2018-03-20,253.00,254.00,251.50,253.00,217.64,"21,840,151"
887,2018-03-21,255.00,255.00,251.00,252.50,217.21,"28,976,737"
886,2018-03-22,254.50,254.50,249.50,251.50,216.35,"27,000,668"
885,2018-03-23,245.00,247.00,244.00,245.00,210.76,"52,498,390"
884,2018-03-26,241.50,244.50,241.50,243.50,209.47,"36,987,945"
883,2018-03-27,248.00,251.00,247.00,251.00,215.92,"31,008,260"
882,2018-03-28,247.50,248.00,244.00,245.00,210.76,"29,637,411"
881,2018-03-29,243.00,247.00,242.50,244.00,209.90,"36,165,345"
880,2018-03-30,247.50,249.50,246.00,246.00,211.62,"16,996,346"
996,2018-04-02,248.50,249.00,245.00,246.50,212.05,"17,696,003"
995,2018-04-03,243.00,244.50,242.00,244.00,209.90,"35,813,944"
994,2018-04-09,248.00,248.00,243.50,245.00,210.76,"34,694,824"
993,2018-04-10,244.50,249.00,243.50,245.50,211.19,"25,156,994"
992,2018-04-11,246.50,248.50,246.50,248.00,213.34,"21,607,935"
991,2018-04-12,248.50,248.50,244.00,245.00,210.76,"20,409,657"
990,2018-04-13,246.00,246.00,244.00,244.50,210.33,"19,742,548"
989,2018-04-16,243.00,244.00,242.00,243.50,209.47,"18,350,139"
988,2018-04-17,243.00,243.50,237.50,238.00,204.74,"42,756,389"
987,2018-04-18,239.50,241.50,236.50,238.00,204.74,"42,500,048"
986,2018-04-19,242.00,244.50,241.00,244.50,210.33,"31,901,989"
985,2018-04-20,228.00,231.50,228.00,229.00,197.00,"128,452,087"
984,2018-04-23,226.50,227.50,225.00,226.50,194.85,"71,009,975"
983,2018-04-24,225.00,227.50,225.00,227.00,195.28,"40,967,892"
982,2018-04-25,225.50,226.00,224.00,225.00,193.56,"46,771,110"
981,2018-04-26,225.00,225.50,221.00,222.00,190.98,"48,023,557"
980,2018-04-27,225.00,225.50,221.00,223.50,192.27,"34,174,459"
979,2018-04-30,224.50,228.00,222.50,227.00,195.28,"28,500,789"
978,2018-05-02,227.00,227.50,222.50,223.00,191.84,"38,167,942"
977,2018-05-03,221.00,222.50,220.00,220.50,189.69,"31,690,731"
976,2018-05-04,221.00,224.00,220.50,223.00,191.84,"27,208,722"
975,2018-05-07,225.00,225.50,221.50,223.50,192.27,"23,268,759"
974,2018-05-08,224.00,228.50,223.50,228.00,196.14,"40,324,763"
973,2018-05-09,228.50,232.00,228.50,229.50,197.43,"33,778,934"
972,2018-05-10,231.00,231.50,229.00,229.50,197.43,"27,530,377"
971,2018-05-11,232.00,234.00,230.50,233.00,200.44,"30,693,910"
970,2018-05-14,234.50,234.50,232.50,233.00,200.44,"19,921,437"
969,2018-05-15,233.50,234.00,229.50,230.50,198.29,"23,771,769"
968,2018-05-16,229.50,230.50,228.50,230.50,198.29,"14,409,556"
967,2018-05-17,231.00,231.50,226.50,226.50,194.85,"26,852,737"
966,2018-05-18,225.50,227.50,223.50,223.50,192.27,"27,664,541"
965,2018-05-21,225.00,230.00,225.00,229.00,197.00,"16,127,815"
964,2018-05-22,230.00,233.50,229.00,229.00,197.00,"22,355,097"
963,2018-05-23,231.50,231.50,228.50,228.50,196.57,"23,062,899"
962,2018-05-24,229.50,230.00,228.50,229.00,197.00,"12,996,610"
961,2018-05-25,228.50,229.50,228.00,228.50,196.57,"15,971,294"
960,2018-05-28,229.50,230.00,226.50,227.00,195.28,"16,373,270"
959,2018-05-29,226.50,226.50,223.50,225.00,193.56,"23,764,776"
958,2018-05-30,224.00,224.00,220.50,221.00,190.12,"49,163,788"
957,2018-05-31,221.50,224.00,220.50,224.00,192.70,"96,069,458"
956,2018-06-01,224.50,226.50,224.00,224.00,192.70,"27,617,994"
955,2018-06-04,227.50,229.00,227.00,229.00,197.00,"25,959,480"
954,2018-06-05,230.00,230.00,226.50,229.00,197.00,"26,534,884"
953,2018-06-06,229.00,230.00,227.00,230.00,197.86,"24,767,441"
952,2018-06-07,231.00,231.50,228.00,230.00,197.86,"24,958,266"
951,2018-06-08,229.00,229.00,226.00,227.00,195.28,"23,548,851"
950,2018-06-11,226.50,227.00,225.00,226.00,194.42,"21,696,933"
949,2018-06-12,225.00,229.00,224.00,229.00,197.00,"29,501,260"
948,2018-06-13,229.00,232.00,228.00,232.00,199.58,"28,944,970"
947,2018-06-14,230.00,230.00,226.50,226.50,194.85,"33,408,041"
946,2018-06-15,225.00,231.00,224.00,231.00,198.72,"48,059,679"
945,2018-06-19,225.50,226.00,224.00,225.00,193.56,"56,889,624"
944,2018-06-20,224.50,227.50,223.50,226.00,194.42,"40,708,701"
943,2018-06-21,227.50,228.00,226.00,226.50,194.85,"31,242,557"
942,2018-06-22,224.50,227.50,224.00,227.50,195.71,"43,581,409"
941,2018-06-25,220.00,220.50,218.00,218.00,194.37,"45,025,211"
940,2018-06-26,215.50,216.00,212.50,214.50,191.25,"38,446,346"
939,2018-06-27,216.00,216.00,212.50,213.00,189.91,"39,888,414"
938,2018-06-28,211.00,214.50,210.00,212.00,189.02,"37,940,780"
937,2018-06-29,212.00,217.00,212.00,216.50,193.03,"34,313,680"
1018,2018-07-02,218.50,219.00,214.00,214.00,190.80,"32,449,442"
1017,2018-07-03,215.50,218.00,213.50,214.50,191.25,"28,323,220"
1016,2018-07-04,217.00,217.50,215.50,216.00,192.59,"15,212,295"
1015,2018-07-05,214.00,215.00,213.00,214.50,191.25,"18,225,416"
1014,2018-07-06,217.50,217.50,215.00,217.00,193.48,"29,033,762"
1013,2018-07-09,219.50,223.00,218.50,221.50,197.49,"38,734,793"
1012,2018-07-10,223.00,224.00,222.00,222.00,197.94,"20,118,957"
1011,2018-07-11,220.00,220.00,218.00,220.00,196.15,"19,854,690"
1010,2018-07-12,218.00,222.00,218.00,220.50,196.60,"23,666,051"
1009,2018-07-13,222.50,224.50,222.50,224.50,200.17,"29,716,311"
1008,2018-07-16,224.50,225.00,223.50,223.50,199.27,"15,819,254"
1007,2018-07-17,222.50,223.50,221.00,221.50,197.49,"21,548,436"
1006,2018-07-18,223.00,224.00,222.00,223.00,198.83,"39,898,658"
1005,2018-07-19,225.50,227.00,224.50,224.50,200.17,"39,661,216"
1004,2018-07-20,235.00,237.50,233.00,237.50,211.76,"97,969,023"
1003,2018-07-23,239.00,245.00,238.50,241.00,214.88,"52,256,877"
1002,2018-07-24,240.00,241.50,238.50,241.00,214.88,"27,239,267"
1001,2018-07-25,239.00,241.00,239.00,240.50,214.43,"20,962,512"
1000,2018-07-26,241.00,242.50,239.50,241.00,214.88,"30,606,388"
999,2018-07-27,242.00,244.50,241.00,244.50,218.00,"27,129,646"
998,2018-07-30,244.50,245.50,244.00,245.50,218.89,"22,788,730"
997,2018-07-31,243.50,246.00,242.00,246.00,219.34,"27,059,442"
