index,season,matchday,h_team,a_team,h_goals,a_goals,h_ht_goals,a_ht_goals,h_shots_on_goal,a_shots_on_goal,h_distance,a_distance,h_total_passes,a_total_passes,h_success_passes,a_success_passes,h_failed_passes,a_failed_passes,h_pass_ratio,a_pass_ratio,h_possession,a_possession,h_tackle_ratio,a_tackle_ratio,h_fouls,a_fouls,h_got_fouled,a_got_fouled,h_offside,a_offside,h_corners,a_corners
0,13-14,1,Bayern München,Bor. Mönchengladbach,3,1,2,1,26,11,118.81,118.53,635,436,585,359,50,77,0.92,0.82,0.59,0.41,0.53,0.47,12,11,9,11,3,3,6,4
1,13-14,1,TSG Hoffenheim,1. FC Nürnberg,2,2,1,0,23,12,116.01,113.39,409,352,315,259,94,93,0.77,0.74,0.53,0.47,0.49,0.51,17,16,16,17,5,4,6,9
2,13-14,1,Bayer 04 Leverkusen,SC Freiburg,3,1,1,1,18,8,113.9,118.93,405,481,319,392,86,89,0.79,0.81,0.46,0.54,0.61,0.39,10,15,15,10,2,3,5,2
3,13-14,1,Hannover 96,VfL Wolfsburg,2,0,1,0,20,15,108.94,103.15,409,403,351,323,58,80,0.86,0.8,0.5,0.5,0.44,0.56,28,11,11,27,1,4,7,2
4,13-14,1,FC Augsburg,Borussia Dortmund,0,4,0,1,11,13,110.61,112.78,402,516,290,424,112,92,0.72,0.82,0.45,0.55,0.48,0.52,18,12,12,18,0,3,5,6
5,13-14,1,Hertha BSC,Eintracht Frankfurt,6,1,2,1,16,11,112.32,107.03,330,491,266,406,64,85,0.81,0.83,0.4,0.6,0.44,0.56,19,18,18,17,3,2,5,4
6,13-14,1,Eintracht Braunschweig,Werder Bremen,0,1,0,0,13,12,115.32,114.69,395,458,296,356,99,102,0.75,0.78,0.46,0.54,0.5,0.5,11,17,17,10,4,1,2,7
7,13-14,1,1. FSV Mainz 05,VfB Stuttgart,3,2,1,1,10,18,119.61,117.72,442,473,358,378,84,95,0.81,0.8,0.48,0.52,0.48,0.52,15,13,13,14,7,1,2,8
8,13-14,1,FC Schalke 04,Hamburger SV,3,3,2,2,19,16,114.6,119.07,532,389,433,295,99,94,0.81,0.76,0.58,0.42,0.49,0.51,15,11,10,12,0,4,3,7
9,13-14,2,VfB Stuttgart,Bayer 04 Leverkusen,0,1,0,1,18,13,119.09,121.79,462,357,385,274,77,83,0.83,0.77,0.57,0.43,0.52,0.48,13,15,15,13,3,1,10,3
10,13-14,2,VfL Wolfsburg,FC Schalke 04,4,0,0,0,23,6,114.89,113.25,426,408,358,330,68,78,0.84,0.81,0.52,0.48,0.53,0.47,18,16,16,18,3,2,11,3
11,13-14,2,Werder Bremen,FC Augsburg,1,0,1,0,5,20,117.12,115.79,295,445,211,360,84,85,0.72,0.81,0.4,0.6,0.51,0.49,17,15,15,16,4,5,3,7
12,13-14,2,SC Freiburg,1. FSV Mainz 05,1,2,0,0,9,13,117.48,113.79,556,388,458,310,98,78,0.82,0.8,0.58,0.42,0.52,0.48,17,7,7,16,1,4,2,4
13,13-14,2,Hamburger SV,TSG Hoffenheim,1,5,1,1,8,18,110.45,117.42,486,346,394,268,92,78,0.81,0.77,0.58,0.42,0.61,0.39,15,22,21,14,1,1,2,4
14,13-14,2,Eintracht Frankfurt,Bayern München,0,1,0,1,9,17,114.49,114.95,285,725,209,661,76,64,0.73,0.91,0.3,0.7,0.52,0.48,9,17,17,9,7,1,6,5
15,13-14,2,Bor. Mönchengladbach,Hannover 96,3,0,1,0,17,16,114.0,113.14,646,418,559,335,87,83,0.87,0.8,0.6,0.4,0.57,0.43,10,19,18,10,2,3,1,3
16,13-14,2,1. FC Nürnberg,Hertha BSC,2,2,1,0,11,12,108.06,106.97,354,363,295,292,59,71,0.83,0.8,0.5,0.5,0.58,0.42,16,17,17,15,0,7,4,5
17,13-14,2,Borussia Dortmund,Eintracht Braunschweig,2,1,0,0,24,8,119.12,121.59,742,292,638,203,104,89,0.86,0.7,0.71,0.29,0.57,0.43,8,12,12,8,2,1,4,3
18,13-14,3,Borussia Dortmund,Werder Bremen,1,0,0,0,32,7,115.35,112.93,540,354,433,248,107,106,0.8,0.7,0.6,0.4,0.45,0.55,14,13,12,14,4,2,7,2
19,13-14,3,Bayern München,1. FC Nürnberg,2,0,0,0,26,5,116.21,116.9,752,161,680,87,72,74,0.9,0.54,0.8,0.2,0.48,0.52,13,9,9,13,2,3,10,1
20,13-14,3,Bayer 04 Leverkusen,Bor. Mönchengladbach,4,2,2,0,19,10,117.89,116.07,448,662,384,589,64,73,0.86,0.89,0.41,0.59,0.53,0.47,10,14,13,10,2,1,7,3
21,13-14,3,Hannover 96,FC Schalke 04,2,1,2,0,14,9,104.85,103.02,400,290,321,218,79,72,0.8,0.75,0.58,0.42,0.56,0.44,19,23,23,18,2,4,7,1
22,13-14,3,TSG Hoffenheim,SC Freiburg,3,3,2,2,15,12,106.97,112.12,361,422,285,340,76,82,0.79,0.81,0.47,0.53,0.55,0.45,15,23,22,14,5,3,2,4
23,13-14,3,1. FSV Mainz 05,VfL Wolfsburg,2,0,0,0,12,16,118.67,111.96,393,517,336,448,57,69,0.85,0.87,0.43,0.57,0.49,0.51,16,15,14,16,2,3,2,5
24,13-14,3,Hertha BSC,Hamburger SV,1,0,0,0,16,15,117.48,116.34,356,368,269,278,87,90,0.76,0.76,0.48,0.52,0.51,0.49,16,18,18,14,2,0,6,9
25,13-14,3,Eintracht Braunschweig,Eintracht Frankfurt,0,2,0,0,9,20,114.12,108.54,322,515,215,390,107,125,0.67,0.76,0.39,0.61,0.47,0.53,12,18,14,11,3,2,2,8
26,13-14,3,FC Augsburg,VfB Stuttgart,2,1,2,1,17,9,114.41,107.88,287,388,210,292,77,96,0.73,0.75,0.44,0.56,0.51,0.49,19,18,18,19,1,0,8,7
27,13-14,4,SC Freiburg,Bayern München,1,1,0,1,8,17,127.5,118.1,272,784,187,689,85,95,0.69,0.88,0.27,0.73,0.48,0.52,17,10,10,16,2,1,3,6
28,13-14,4,Bor. Mönchengladbach,Werder Bremen,4,1,1,0,20,10,117.41,117.52,619,449,546,388,73,61,0.88,0.86,0.57,0.43,0.59,0.41,13,13,12,13,2,1,1,5
29,13-14,4,Hannover 96,1. FSV Mainz 05,4,1,2,1,16,13,112.74,112.77,370,487,291,415,79,72,0.79,0.85,0.44,0.56,0.43,0.57,19,10,9,19,0,2,5,3
30,13-14,4,VfL Wolfsburg,Hertha BSC,2,0,2,0,18,8,119.32,116.14,591,318,509,236,82,82,0.86,0.74,0.64,0.36,0.49,0.51,16,15,13,16,3,1,2,2
31,13-14,4,1. FC Nürnberg,FC Augsburg,0,1,0,0,7,25,113.01,117.93,397,342,303,260,94,82,0.76,0.76,0.52,0.48,0.59,0.41,10,17,16,10,1,2,2,12
32,13-14,4,Hamburger SV,Eintracht Braunschweig,4,0,2,0,28,16,114.95727272727272,117.885,337,286,261,194,76,92,0.77,0.68,0.54,0.46,0.54,0.46,19,22,22,17,0,4,7,2
33,13-14,4,FC Schalke 04,Bayer 04 Leverkusen,2,0,1,0,12,11,115.64,115.45,454,465,363,375,91,90,0.8,0.81,0.49,0.51,0.49,0.51,14,17,14,11,4,1,2,6
34,13-14,4,VfB Stuttgart,TSG Hoffenheim,6,2,3,1,13,12,117.9,113.98,397,455,281,346,116,109,0.71,0.76,0.46,0.54,0.46,0.54,20,20,19,20,1,1,3,5
35,13-14,4,Eintracht Frankfurt,Borussia Dortmund,1,2,1,1,17,16,115.57,121.28,400,416,279,319,121,97,0.7,0.77,0.5,0.5,0.56,0.44,6,19,16,5,2,3,8,6
36,13-14,5,Hertha BSC,VfB Stuttgart,0,1,0,0,19,8,120.68,124.9,550,363,463,283,87,80,0.84,0.78,0.59,0.41,0.61,0.39,13,13,13,12,1,3,7,4
37,13-14,5,Bayern München,Hannover 96,2,0,0,0,19,12,117.7,118.46,640,306,554,231,86,75,0.87,0.75,0.67,0.33,0.5,0.5,14,13,12,14,0,1,13,4
38,13-14,5,Bayer 04 Leverkusen,VfL Wolfsburg,3,1,1,1,14,14,113.89,114.66,341,413,265,354,76,59,0.78,0.86,0.46,0.54,0.48,0.52,18,12,12,18,3,2,4,3
39,13-14,5,Werder Bremen,Eintracht Frankfurt,0,3,0,2,12,14,109.63,110.73,288,616,202,527,86,89,0.7,0.86,0.33,0.67,0.41,0.59,14,13,12,14,0,4,5,10
40,13-14,5,1. FSV Mainz 05,FC Schalke 04,0,1,0,1,14,10,117.73,114.79,556,464,504,387,52,77,0.91,0.83,0.54,0.46,0.52,0.48,15,17,17,13,1,3,1,5
41,13-14,5,FC Augsburg,SC Freiburg,2,1,0,0,15,5,116.03,117.62,469,373,370,277,99,96,0.79,0.74,0.56,0.44,0.57,0.43,16,21,20,14,1,1,10,3
42,13-14,5,Borussia Dortmund,Hamburger SV,6,2,2,1,33,4,115.63,110.55,495,380,385,261,110,119,0.78,0.69,0.56,0.44,0.6,0.4,12,20,19,11,7,0,7,2
43,13-14,5,TSG Hoffenheim,Bor. Mönchengladbach,2,1,1,0,10,16,126.59,120.04,313,803,218,714,95,89,0.7,0.89,0.3,0.7,0.42,0.58,16,7,7,15,4,4,2,3
44,13-14,5,Eintracht Braunschweig,1. FC Nürnberg,1,1,0,1,23,9,113.84,112.62,355,299,239,213,116,86,0.67,0.71,0.55,0.45,0.55,0.45,17,18,18,17,6,2,6,3
45,13-14,6,Bor. Mönchengladbach,Eintracht Braunschweig,4,1,2,0,13,11,116.65,118.39,629,407,551,338,78,69,0.88,0.83,0.6,0.4,0.55,0.45,11,13,13,10,3,6,0,1
46,13-14,6,Hannover 96,FC Augsburg,2,1,0,0,16,13,110.16,111.55,431,251,327,157,104,94,0.76,0.63,0.63,0.37,0.53,0.47,21,18,17,19,1,1,8,1
47,13-14,6,VfL Wolfsburg,TSG Hoffenheim,2,1,1,1,15,7,116.48,116.59,470,299,373,212,97,87,0.79,0.71,0.61,0.39,0.6,0.4,15,20,20,15,3,3,6,6
48,13-14,6,1. FC Nürnberg,Borussia Dortmund,1,1,0,1,10,18,120.12,119.85,450,501,380,404,70,97,0.84,0.81,0.48,0.52,0.46,0.54,7,12,12,7,2,3,3,9
49,13-14,6,1. FSV Mainz 05,Bayer 04 Leverkusen,1,4,0,3,14,14,113.88,116.07,435,415,371,334,64,81,0.85,0.8,0.52,0.48,0.42,0.58,14,11,10,13,1,1,4,4
50,13-14,6,Hamburger SV,Werder Bremen,0,2,0,1,19,16,114.45,117.03,450,280,331,188,119,92,0.74,0.67,0.61,0.39,0.56,0.44,15,18,18,14,5,0,4,6
51,13-14,6,FC Schalke 04,Bayern München,0,4,0,2,10,14,109.89,116.39,319,747,246,652,73,95,0.77,0.87,0.31,0.69,0.45,0.55,7,6,6,7,3,0,5,5
52,13-14,6,SC Freiburg,Hertha BSC,1,1,1,1,8,8,119.15,111.94,467,442,378,369,89,73,0.81,0.83,0.52,0.48,0.4,0.6,22,12,12,22,0,0,9,2
53,13-14,6,VfB Stuttgart,Eintracht Frankfurt,1,1,1,1,13,16,120.62,116.98,400,443,310,367,90,76,0.78,0.83,0.48,0.52,0.5,0.5,11,13,13,11,5,1,4,7
54,13-14,7,FC Augsburg,Bor. Mönchengladbach,2,2,1,1,20,9,117.41,114.67,469,446,384,365,85,81,0.82,0.82,0.51,0.49,0.45,0.55,9,13,13,8,0,0,3,3
55,13-14,7,Borussia Dortmund,SC Freiburg,5,0,2,0,28,2,117.25,112.97,614,397,515,299,99,98,0.84,0.75,0.6,0.4,0.52,0.48,13,11,10,12,3,0,9,0
56,13-14,7,Bayern München,VfL Wolfsburg,1,0,0,0,11,4,115.6,119.74,591,243,519,171,72,72,0.88,0.7,0.7,0.3,0.48,0.52,12,24,23,12,3,3,8,2
57,13-14,7,Bayer 04 Leverkusen,Hannover 96,2,0,2,0,19,8,115.25,112.89,410,429,334,352,76,77,0.81,0.82,0.48,0.52,0.52,0.48,12,17,17,12,1,2,4,9
58,13-14,7,TSG Hoffenheim,FC Schalke 04,3,3,1,3,14,12,111.65,109.28,382,425,288,332,94,93,0.75,0.78,0.47,0.53,0.52,0.48,21,24,22,21,3,3,2,7
59,13-14,7,Hertha BSC,1. FSV Mainz 05,3,1,0,1,9,8,119.92,118.37,511,295,427,201,84,94,0.84,0.68,0.63,0.37,0.49,0.51,27,20,20,25,4,3,5,5
60,13-14,7,Eintracht Frankfurt,Hamburger SV,2,2,1,1,9,11,115.44,119.74,466,360,380,287,86,73,0.82,0.8,0.56,0.44,0.47,0.53,21,16,16,21,4,2,9,6
61,13-14,7,Werder Bremen,1. FC Nürnberg,3,3,2,1,15,17,118.17,119.25,418,390,307,286,111,104,0.73,0.73,0.51,0.49,0.47,0.53,16,9,8,16,2,2,4,4
62,13-14,7,Eintracht Braunschweig,VfB Stuttgart,0,4,0,1,10,14,115.2,117.96,439,476,325,372,114,104,0.74,0.78,0.48,0.52,0.51,0.49,11,19,19,10,5,1,8,3
63,13-14,8,Hannover 96,Hertha BSC,1,1,1,0,14,10,113.86,116.4,374,347,287,268,87,79,0.77,0.77,0.51,0.49,0.52,0.48,18,21,20,17,0,2,7,9
64,13-14,8,FC Schalke 04,FC Augsburg,4,1,2,1,12,10,112.97,106.66,717,295,648,220,69,75,0.9,0.75,0.7,0.3,0.52,0.48,9,10,10,9,2,3,2,3
65,13-14,8,Bor. Mönchengladbach,Borussia Dortmund,2,0,0,0,6,27,117.03,118.05,429,586,338,502,91,84,0.79,0.86,0.43,0.57,0.57,0.43,8,9,8,8,0,1,1,9
66,13-14,8,VfB Stuttgart,Werder Bremen,1,1,1,1,20,6,117.55181818181818,116.43848484848485,580,257,497,164,83,93,0.86,0.64,0.69,0.31,0.58,0.42,11,11,10,9,3,0,13,1
67,13-14,8,VfL Wolfsburg,Eintracht Braunschweig,0,2,0,1,17,7,117.28,122.7,495,243,414,159,81,84,0.84,0.65,0.67,0.33,0.57,0.43,18,26,24,17,5,2,7,2
68,13-14,8,1. FSV Mainz 05,TSG Hoffenheim,2,2,0,2,18,14,122.99,120.67,441,374,325,258,116,116,0.74,0.69,0.54,0.46,0.5,0.5,23,16,16,22,9,4,7,1
69,13-14,8,Bayer 04 Leverkusen,Bayern München,1,1,1,1,5,27,114.89,111.38,191,709,122,641,69,68,0.64,0.9,0.22,0.78,0.46,0.54,15,8,7,15,2,1,2,14
70,13-14,8,1. FC Nürnberg,Hamburger SV,0,5,0,1,7,16,115.34,117.29,486,472,412,403,74,69,0.85,0.85,0.51,0.49,0.55,0.45,16,15,14,15,1,1,5,4
71,13-14,8,SC Freiburg,Eintracht Frankfurt,1,1,0,0,13,11,121.38,112.24,440,396,366,305,74,91,0.83,0.77,0.53,0.47,0.56,0.44,12,20,20,11,1,3,7,10
72,13-14,9,TSG Hoffenheim,Bayer 04 Leverkusen,1,2,0,1,20,12,121.41,119.66,497,439,421,355,76,84,0.85,0.81,0.52,0.48,0.54,0.46,13,19,18,13,2,2,8,10
73,13-14,9,Borussia Dortmund,Hannover 96,1,0,1,0,18,10,123.4,121.32,432,399,323,313,109,86,0.75,0.78,0.52,0.48,0.55,0.45,11,15,15,11,2,1,10,2
74,13-14,9,Bayern München,1. FSV Mainz 05,4,1,0,1,19,12,115.29,116.46,832,225,727,148,105,77,0.87,0.66,0.78,0.22,0.56,0.44,12,14,14,11,2,7,8,5
75,13-14,9,Werder Bremen,SC Freiburg,0,0,0,0,18,11,119.37,122.26,403,416,303,329,100,87,0.75,0.79,0.49,0.51,0.46,0.54,22,12,11,21,1,5,7,8
76,13-14,9,Eintracht Braunschweig,FC Schalke 04,2,3,1,1,14,15,121.3,119.79,292,630,212,542,80,88,0.73,0.86,0.32,0.68,0.51,0.49,13,21,18,13,4,2,1,9
77,13-14,9,Eintracht Frankfurt,1. FC Nürnberg,1,1,0,0,15,11,116.6,121.17,529,332,438,261,91,71,0.83,0.79,0.61,0.39,0.47,0.53,22,14,12,21,1,3,6,1
78,13-14,9,Hertha BSC,Bor. Mönchengladbach,1,0,1,0,5,13,120.7,117.73,422,558,323,467,99,91,0.77,0.84,0.44,0.56,0.52,0.48,15,14,13,13,3,3,7,5
79,13-14,9,Hamburger SV,VfB Stuttgart,3,3,1,2,22,9,115.67,116.62,521,467,448,390,73,77,0.86,0.84,0.53,0.47,0.56,0.44,17,12,11,16,4,2,10,0
80,13-14,9,FC Augsburg,VfL Wolfsburg,1,2,1,2,11,12,120.65,122.49,404,369,297,281,107,88,0.74,0.76,0.53,0.47,0.4,0.6,21,18,17,21,4,1,3,2
81,13-14,10,VfB Stuttgart,1. FC Nürnberg,1,1,1,1,10,7,118.52,121.55,500,306,400,227,100,79,0.8,0.74,0.61,0.39,0.53,0.47,11,15,15,11,4,3,2,4
82,13-14,10,Bayern München,Hertha BSC,3,2,1,1,13,10,117.04,120.48,647,313,549,231,98,82,0.85,0.74,0.67,0.33,0.47,0.53,10,13,13,10,3,2,4,5
83,13-14,10,FC Schalke 04,Borussia Dortmund,1,3,0,1,12,10,109.73,114.86,542,411,422,311,120,100,0.78,0.76,0.57,0.43,0.52,0.48,11,12,12,10,2,2,2,2
84,13-14,10,Bayer 04 Leverkusen,FC Augsburg,2,1,1,1,24,11,114.97,118.0,444,310,358,220,86,90,0.81,0.71,0.58,0.42,0.61,0.39,7,9,9,7,3,0,13,7
85,13-14,10,Hannover 96,TSG Hoffenheim,1,4,0,2,11,10,102.04,112.75,271,617,186,541,85,76,0.69,0.88,0.32,0.68,0.41,0.59,21,11,10,20,2,7,8,1
86,13-14,10,1. FSV Mainz 05,Eintracht Braunschweig,2,0,1,0,9,6,116.08,117.89,359,487,277,395,82,92,0.77,0.81,0.41,0.59,0.51,0.49,25,17,17,25,4,2,0,8
87,13-14,10,VfL Wolfsburg,Werder Bremen,3,0,1,0,19,8,115.3,118.23,423,373,341,270,82,103,0.81,0.72,0.53,0.47,0.55,0.45,12,17,15,12,6,3,5,4
88,13-14,10,SC Freiburg,Hamburger SV,0,3,0,1,9,17,115.58,114.5,455,348,357,259,98,89,0.78,0.74,0.57,0.43,0.51,0.49,14,12,12,14,2,1,4,4
89,13-14,10,Bor. Mönchengladbach,Eintracht Frankfurt,4,1,2,1,13,11,116.22,113.55,709,429,624,357,85,72,0.88,0.83,0.61,0.39,0.4,0.6,9,13,12,9,3,4,1,3
90,13-14,11,Borussia Dortmund,VfB Stuttgart,6,1,2,1,17,3,120.16,117.97,535,478,428,370,107,108,0.8,0.77,0.53,0.47,0.45,0.55,15,4,4,15,3,1,6,1
91,13-14,11,1. FC Nürnberg,SC Freiburg,0,3,0,0,21,14,119.85,124.26,482,336,401,248,81,88,0.83,0.74,0.6,0.4,0.52,0.48,10,15,15,10,4,1,9,5
92,13-14,11,TSG Hoffenheim,Bayern München,1,2,1,1,7,17,119.65,116.59,347,656,264,589,83,67,0.76,0.9,0.37,0.63,0.45,0.55,20,16,16,20,3,2,6,4
93,13-14,11,Hamburger SV,Bor. Mönchengladbach,0,2,0,1,17,8,119.96,120.15,547,526,459,441,88,85,0.84,0.84,0.52,0.48,0.52,0.48,12,12,12,11,0,2,7,2
94,13-14,11,Eintracht Braunschweig,Bayer 04 Leverkusen,1,0,0,0,17,17,118.39,113.47,327,453,255,371,72,82,0.78,0.82,0.43,0.57,0.49,0.51,12,21,20,11,5,4,4,4
95,13-14,11,Hertha BSC,FC Schalke 04,0,2,0,1,18,11,120.35,120.7,521,370,427,265,94,105,0.82,0.72,0.58,0.42,0.47,0.53,21,18,17,21,1,4,6,4
96,13-14,11,Eintracht Frankfurt,VfL Wolfsburg,1,2,1,1,10,10,114.13,117.44,442,393,338,297,104,96,0.76,0.76,0.54,0.46,0.42,0.58,14,16,15,13,4,1,8,1
97,13-14,11,FC Augsburg,1. FSV Mainz 05,2,1,1,0,19,11,125.42,121.07,511,330,424,254,87,76,0.83,0.77,0.61,0.39,0.48,0.52,13,21,19,13,1,2,6,3
98,13-14,11,Werder Bremen,Hannover 96,3,2,2,2,12,18,115.12,115.85,356,300,251,183,105,117,0.71,0.61,0.54,0.46,0.5,0.5,19,24,24,17,10,3,3,6
99,13-14,12,Hannover 96,Eintracht Braunschweig,0,0,0,0,19,7,111.28,115.98,421,319,318,210,103,109,0.76,0.66,0.57,0.43,0.46,0.54,27,16,15,27,0,1,6,2
100,13-14,12,Bayern München,FC Augsburg,3,0,2,0,23,7,119.19,123.8,737,263,675,207,62,56,0.92,0.79,0.72,0.28,0.56,0.44,12,11,10,12,0,4,9,4
101,13-14,12,FC Schalke 04,Werder Bremen,3,1,0,1,18,9,118.02,121.67,545,321,426,221,119,100,0.78,0.69,0.62,0.38,0.52,0.48,16,20,20,15,2,1,6,2
102,13-14,12,Bayer 04 Leverkusen,Hamburger SV,5,3,2,1,20,11,116.02,116.79,387,435,299,327,88,108,0.77,0.75,0.46,0.54,0.53,0.47,12,19,18,11,1,0,3,6
103,13-14,12,VfL Wolfsburg,Borussia Dortmund,2,1,0,1,10,12,114.63,116.52,346,469,239,349,107,120,0.69,0.74,0.43,0.57,0.55,0.45,14,19,18,14,2,3,5,2
104,13-14,12,TSG Hoffenheim,Hertha BSC,2,3,0,1,9,12,119.36,118.85,499,349,383,244,116,105,0.77,0.7,0.59,0.41,0.49,0.51,22,20,20,22,3,3,3,3
105,13-14,12,Bor. Mönchengladbach,1. FC Nürnberg,3,1,0,1,12,19,120.84,127.3,547,331,471,250,76,81,0.86,0.76,0.61,0.39,0.46,0.54,8,18,17,7,1,2,6,3
106,13-14,12,1. FSV Mainz 05,Eintracht Frankfurt,1,0,0,0,20,14,121.99,117.5,305,533,236,438,69,95,0.77,0.82,0.37,0.63,0.53,0.47,21,18,18,20,4,2,6,6
107,13-14,12,SC Freiburg,VfB Stuttgart,1,3,0,2,19,10,128.05,123.74,510,458,424,378,86,80,0.83,0.83,0.52,0.48,0.51,0.49,7,13,12,7,1,7,7,2
108,13-14,13,VfB Stuttgart,Bor. Mönchengladbach,0,2,0,1,8,19,120.42,120.02,532,559,423,453,109,106,0.8,0.81,0.49,0.51,0.42,0.58,14,10,10,13,1,2,1,5
109,13-14,13,1. FC Nürnberg,VfL Wolfsburg,1,1,0,1,11,23,121.44,118.77,364,424,262,314,102,110,0.72,0.74,0.46,0.54,0.51,0.49,20,17,16,20,2,0,3,5
110,13-14,13,FC Augsburg,TSG Hoffenheim,2,0,2,0,16,8,119.71,118.08,466,383,339,282,127,101,0.73,0.74,0.54,0.46,0.58,0.42,14,25,24,14,3,0,5,4
111,13-14,13,Eintracht Braunschweig,SC Freiburg,0,1,0,0,22,8,119.48,122.51,521,468,431,364,90,104,0.83,0.78,0.53,0.47,0.48,0.52,14,17,15,14,4,1,6,1
112,13-14,13,Eintracht Frankfurt,FC Schalke 04,3,3,0,2,15,13,117.06,112.27,393,457,300,372,93,85,0.76,0.81,0.47,0.53,0.48,0.52,22,20,19,21,2,3,5,1
113,13-14,13,Hertha BSC,Bayer 04 Leverkusen,0,1,0,1,12,4,121.86,119.04,523,309,429,218,94,91,0.82,0.71,0.63,0.37,0.46,0.54,15,15,14,15,1,4,9,1
114,13-14,13,Borussia Dortmund,Bayern München,0,3,0,0,7,10,119.85,117.28,335,591,241,497,94,94,0.72,0.84,0.37,0.63,0.54,0.46,7,13,12,7,1,5,2,3
115,13-14,13,Hamburger SV,Hannover 96,3,1,1,1,19,12,114.6,115.02,399,342,292,257,107,85,0.73,0.75,0.52,0.48,0.55,0.45,19,24,22,19,1,4,7,3
116,13-14,13,Werder Bremen,1. FSV Mainz 05,2,3,0,2,24,18,117.58,120.41,455,257,348,174,107,83,0.76,0.68,0.64,0.36,0.54,0.46,18,22,21,18,0,4,8,8
117,13-14,14,VfL Wolfsburg,Hamburger SV,1,1,1,1,20,18,118.06,115.54,474,316,363,230,111,86,0.77,0.73,0.59,0.41,0.55,0.45,16,12,10,15,0,2,2,3
118,13-14,14,Bayern München,Eintracht Braunschweig,2,0,2,0,19,8,113.88,115.99,898,246,811,172,87,74,0.9,0.7,0.78,0.22,0.62,0.38,9,17,16,9,2,0,6,3
119,13-14,14,Bayer 04 Leverkusen,1. FC Nürnberg,3,0,1,0,17,16,117.05,119.54,409,391,323,298,86,93,0.79,0.76,0.51,0.49,0.52,0.48,18,14,11,18,1,0,4,5
120,13-14,14,TSG Hoffenheim,Werder Bremen,4,4,2,2,18,13,121.39,119.24,436,336,326,207,110,129,0.75,0.62,0.56,0.44,0.45,0.55,28,20,20,24,7,6,3,9
121,13-14,14,1. FSV Mainz 05,Borussia Dortmund,1,3,0,0,12,16,121.74,123.15,406,511,308,406,98,105,0.76,0.79,0.45,0.55,0.51,0.49,11,15,15,10,4,3,6,5
122,13-14,14,Hertha BSC,FC Augsburg,0,0,0,0,9,2,119.16,119.77,545,347,446,241,99,106,0.82,0.69,0.61,0.39,0.53,0.47,16,22,21,15,3,3,6,3
123,13-14,14,FC Schalke 04,VfB Stuttgart,3,0,1,0,12,10,117.85,115.35,369,479,263,382,106,97,0.71,0.8,0.43,0.57,0.48,0.52,15,17,16,15,6,3,5,2
124,13-14,14,Hannover 96,Eintracht Frankfurt,2,0,1,0,13,12,115.48,110.66,419,355,330,259,89,96,0.79,0.73,0.54,0.46,0.55,0.45,20,18,18,20,6,1,7,7
125,13-14,14,Bor. Mönchengladbach,SC Freiburg,1,0,0,0,12,9,117.77,123.96,700,414,600,324,100,90,0.86,0.78,0.62,0.38,0.56,0.44,8,13,12,6,7,3,6,4
126,13-14,15,1. FC Nürnberg,1. FSV Mainz 05,1,1,1,0,16,12,120.97,119.55,504,329,394,232,110,97,0.78,0.71,0.61,0.39,0.55,0.45,6,11,9,6,5,4,14,3
127,13-14,15,Bor. Mönchengladbach,FC Schalke 04,2,1,2,1,19,9,116.35,114.6,573,475,501,393,72,82,0.87,0.83,0.55,0.45,0.47,0.53,11,17,15,11,2,2,8,1
128,13-14,15,VfB Stuttgart,Hannover 96,4,2,2,2,13,14,120.26,111.28,388,427,256,299,132,128,0.66,0.7,0.48,0.52,0.5,0.5,15,20,17,14,4,2,3,3
129,13-14,15,Werder Bremen,Bayern München,0,7,0,3,9,17,115.99,112.28,247,712,162,640,85,72,0.66,0.9,0.26,0.74,0.56,0.44,13,15,15,12,3,2,2,7
130,13-14,15,Hamburger SV,FC Augsburg,0,1,0,1,8,18,114.03,121.3,435,396,335,296,100,100,0.77,0.75,0.53,0.47,0.47,0.53,17,17,17,14,0,1,7,11
131,13-14,15,Eintracht Frankfurt,TSG Hoffenheim,1,2,0,0,13,11,114.74,117.45,528,366,407,252,121,114,0.77,0.69,0.59,0.41,0.5,0.5,21,27,26,21,2,3,4,4
132,13-14,15,Borussia Dortmund,Bayer 04 Leverkusen,0,1,0,1,13,8,117.96,115.28,438,354,339,254,99,100,0.77,0.72,0.55,0.45,0.49,0.51,18,25,23,17,2,2,3,4
133,13-14,15,SC Freiburg,VfL Wolfsburg,0,3,0,2,13,17,122.22,120.87,519,320,396,210,123,110,0.76,0.66,0.61,0.39,0.43,0.57,10,16,16,10,3,3,4,7
134,13-14,15,Eintracht Braunschweig,Hertha BSC,0,2,0,1,13,16,112.28,112.38,411,346,286,234,125,112,0.7,0.68,0.54,0.46,0.57,0.43,18,24,22,17,3,1,8,2
135,13-14,16,Hertha BSC,Werder Bremen,3,2,2,2,12,8,118.38,115.59,408,320,295,207,113,113,0.72,0.65,0.56,0.44,0.5,0.5,14,21,20,13,1,1,6,4
136,13-14,16,Bayern München,Hamburger SV,3,1,1,0,22,13,117.79,118.52,788,249,706,185,82,64,0.9,0.74,0.75,0.25,0.52,0.48,13,15,11,11,2,4,5,2
137,13-14,16,Hannover 96,1. FC Nürnberg,3,3,0,3,21,17,115.5,120.82,427,394,307,287,120,107,0.72,0.73,0.52,0.48,0.53,0.47,13,20,20,13,0,5,5,7
138,13-14,16,TSG Hoffenheim,Borussia Dortmund,2,2,2,1,14,16,119.14,120.9,369,496,255,353,114,143,0.69,0.71,0.43,0.57,0.53,0.47,19,13,13,19,2,6,2,4
139,13-14,16,1. FSV Mainz 05,Bor. Mönchengladbach,0,0,0,0,6,10,124.51,117.13,407,823,319,730,88,93,0.78,0.89,0.34,0.66,0.44,0.56,7,8,8,7,4,1,1,4
140,13-14,16,FC Augsburg,Eintracht Braunschweig,4,1,3,0,21,9,120.01,117.41,524,416,441,341,83,75,0.84,0.82,0.56,0.44,0.54,0.46,17,15,15,17,0,0,5,0
141,13-14,16,VfL Wolfsburg,VfB Stuttgart,3,1,1,0,13,9,115.58,114.3,422,413,317,309,105,104,0.75,0.75,0.5,0.5,0.53,0.47,18,20,19,16,1,3,2,4
142,13-14,16,FC Schalke 04,SC Freiburg,2,0,1,0,14,8,119.19,121.68,477,362,363,254,114,108,0.76,0.7,0.57,0.43,0.56,0.44,17,19,19,16,0,3,8,4
143,13-14,16,Bayer 04 Leverkusen,Eintracht Frankfurt,0,1,0,0,15,16,115.36,115.99,509,343,421,268,88,75,0.83,0.78,0.6,0.4,0.55,0.45,15,23,21,13,4,0,8,4
144,13-14,17,Eintracht Frankfurt,FC Augsburg,1,1,1,1,5,9,115.42,118.39,528,337,436,247,92,90,0.83,0.73,0.61,0.39,0.46,0.54,18,14,12,17,2,5,4,3
145,13-14,17,Borussia Dortmund,Hertha BSC,1,2,1,2,20,6,126.34,123.65,664,302,527,208,137,94,0.79,0.69,0.67,0.33,0.51,0.49,20,19,19,18,1,1,5,0
146,13-14,17,Werder Bremen,Bayer 04 Leverkusen,1,0,0,0,11,21,116.94,112.41,249,466,176,382,73,84,0.71,0.82,0.35,0.65,0.48,0.52,14,10,8,13,0,2,5,9
147,13-14,17,SC Freiburg,Hannover 96,2,1,2,0,11,20,121.62,116.13,395,480,274,360,121,120,0.69,0.75,0.45,0.55,0.47,0.53,16,13,13,16,3,2,0,1
148,13-14,17,Hamburger SV,1. FSV Mainz 05,2,3,1,0,18,14,114.3,118.13,331,513,244,433,87,80,0.74,0.84,0.41,0.59,0.49,0.51,20,13,13,19,0,3,5,3
149,13-14,17,Eintracht Braunschweig,TSG Hoffenheim,1,0,1,0,14,16,115.97,114.11,274,473,171,337,103,136,0.62,0.71,0.38,0.62,0.51,0.49,17,19,19,17,4,2,7,8
150,13-14,17,1. FC Nürnberg,FC Schalke 04,0,0,0,0,15,8,119.96,118.02,552,363,458,262,94,101,0.83,0.72,0.6,0.4,0.48,0.52,14,19,16,12,3,2,9,4
151,13-14,17,Bor. Mönchengladbach,VfL Wolfsburg,2,2,0,0,14,18,114.6,120.98,491,458,403,383,88,75,0.82,0.84,0.52,0.48,0.56,0.44,10,12,11,10,4,1,4,4
152,13-14,17,VfB Stuttgart,Bayern München,1,2,1,0,11,24,121.27,119.02,245,714,145,622,100,92,0.59,0.87,0.27,0.73,0.48,0.52,13,10,10,11,1,1,2,8
153,13-14,18,Bor. Mönchengladbach,Bayern München,0,2,0,1,10,24,123.16,121.6,406,739,321,652,85,87,0.79,0.88,0.36,0.64,0.46,0.54,12,9,7,11,3,5,5,5
154,13-14,18,Borussia Dortmund,FC Augsburg,2,2,1,0,18,6,124.63,123.32,476,453,377,344,99,109,0.79,0.76,0.51,0.49,0.53,0.47,17,25,23,17,1,1,5,1
155,13-14,18,VfB Stuttgart,1. FSV Mainz 05,1,2,1,1,14,10,118.35,121.39,440,452,331,365,109,87,0.75,0.81,0.5,0.5,0.47,0.53,17,13,12,17,0,4,5,3
156,13-14,18,VfL Wolfsburg,Hannover 96,1,3,1,1,25,10,115.7,117.52,593,290,506,189,87,101,0.85,0.65,0.67,0.33,0.54,0.46,14,17,14,14,4,0,7,3
157,13-14,18,1. FC Nürnberg,TSG Hoffenheim,4,0,2,0,16,12,119.77,116.4,362,404,252,287,110,117,0.7,0.71,0.48,0.52,0.55,0.45,19,25,24,18,2,4,3,3
158,13-14,18,SC Freiburg,Bayer 04 Leverkusen,3,2,1,2,13,15,125.96,119.02,386,512,303,413,83,99,0.78,0.81,0.43,0.57,0.45,0.55,14,10,10,14,5,2,4,8
159,13-14,18,Eintracht Frankfurt,Hertha BSC,1,0,1,0,5,7,118.4,117.88,390,524,272,413,118,111,0.7,0.79,0.43,0.57,0.52,0.48,20,23,22,20,2,2,1,2
160,13-14,18,Werder Bremen,Eintracht Braunschweig,0,0,0,0,12,7,115.49,118.64,407,417,302,299,105,118,0.74,0.72,0.49,0.51,0.51,0.49,20,17,17,19,6,1,6,3
161,13-14,18,Hamburger SV,FC Schalke 04,0,3,0,1,12,12,112.04,118.01,514,456,419,358,95,98,0.82,0.79,0.53,0.47,0.52,0.48,9,22,21,9,4,4,3,3
163,13-14,19,Eintracht Braunschweig,Borussia Dortmund,1,2,0,1,16,20,123.82,122.8,347,443,214,321,133,122,0.62,0.72,0.45,0.55,0.51,0.49,18,17,15,17,1,1,7,8
164,13-14,19,FC Schalke 04,VfL Wolfsburg,2,1,1,0,13,11,118.83,116.33,427,450,332,351,95,99,0.78,0.78,0.49,0.51,0.53,0.47,16,14,13,15,3,1,4,6
165,13-14,19,Bayer 04 Leverkusen,VfB Stuttgart,2,1,1,1,11,11,117.31,117.59,491,301,410,197,81,104,0.84,0.65,0.62,0.38,0.54,0.46,17,16,16,17,5,1,4,8
166,13-14,19,TSG Hoffenheim,Hamburger SV,3,0,2,0,14,8,122.66,114.08,305,653,227,554,78,99,0.74,0.85,0.33,0.67,0.48,0.52,26,14,13,26,8,2,7,5
167,13-14,19,1. FSV Mainz 05,SC Freiburg,2,0,1,0,13,6,119.51,121.72,478,440,382,330,96,110,0.8,0.75,0.52,0.48,0.58,0.42,11,28,25,10,2,0,5,5
168,13-14,19,FC Augsburg,Werder Bremen,3,1,1,1,20,4,119.53,114.87,653,240,548,141,105,99,0.84,0.59,0.72,0.28,0.59,0.41,11,20,20,10,2,2,6,4
169,13-14,19,Hannover 96,Bor. Mönchengladbach,3,1,0,0,16,11,125.94,119.66,350,678,281,610,69,68,0.8,0.9,0.35,0.65,0.48,0.52,9,14,14,9,2,1,7,7
170,13-14,19,Hertha BSC,1. FC Nürnberg,1,3,1,1,13,11,114.39,116.23,317,419,230,318,87,101,0.73,0.76,0.43,0.57,0.47,0.53,17,25,24,17,1,2,3,3
171,13-14,19,Bayern München,Eintracht Frankfurt,5,0,2,0,24,9,114.88,115.27,770,285,704,216,66,69,0.91,0.76,0.72,0.28,0.5,0.5,16,12,12,16,0,6,12,2
172,13-14,20,Bor. Mönchengladbach,Bayer 04 Leverkusen,0,1,0,0,14,12,122.32,121.32,519,530,430,440,89,90,0.83,0.83,0.5,0.5,0.51,0.49,11,15,15,11,0,2,4,3
173,13-14,20,VfL Wolfsburg,1. FSV Mainz 05,3,0,0,0,17,8,120.19,121.03,609,336,535,252,74,84,0.88,0.75,0.64,0.36,0.47,0.53,22,14,14,21,0,7,4,1
174,13-14,20,Werder Bremen,Borussia Dortmund,1,5,0,2,12,15,115.64,118.48,432,537,314,418,118,119,0.73,0.78,0.45,0.55,0.56,0.44,17,12,12,17,4,1,5,9
175,13-14,20,1. FC Nürnberg,Bayern München,0,2,0,1,9,19,116.33,113.01,279,522,198,420,81,102,0.71,0.8,0.36,0.64,0.48,0.52,26,21,20,26,6,1,3,5
176,13-14,20,SC Freiburg,TSG Hoffenheim,1,1,0,0,11,18,121.77,120.87,416,464,299,354,117,110,0.72,0.76,0.47,0.53,0.46,0.54,20,15,14,20,4,2,3,2
177,13-14,20,Eintracht Frankfurt,Eintracht Braunschweig,3,0,3,0,19,10,115.73,121.32,428,337,347,262,81,75,0.81,0.78,0.57,0.43,0.53,0.47,14,23,21,14,2,2,10,2
178,13-14,20,Hamburger SV,Hertha BSC,0,3,0,3,14,10,109.84,116.87,540,309,435,213,105,96,0.81,0.69,0.63,0.37,0.45,0.55,17,12,12,16,1,3,8,3
179,13-14,20,VfB Stuttgart,FC Augsburg,1,4,0,2,16,10,110.19,115.87,512,526,438,436,74,90,0.86,0.83,0.49,0.51,0.41,0.59,9,8,8,9,2,7,5,2
180,13-14,20,FC Schalke 04,Hannover 96,2,0,2,0,16,6,115.77,119.65,530,409,442,323,88,86,0.83,0.79,0.56,0.44,0.59,0.41,10,20,20,10,3,0,5,0
181,13-14,21,1. FSV Mainz 05,Hannover 96,2,0,0,0,19,14,125.21,126.07,377,588,299,481,78,107,0.79,0.82,0.38,0.62,0.47,0.53,14,11,9,14,4,0,4,5
182,13-14,21,Borussia Dortmund,Eintracht Frankfurt,4,0,2,0,21,7,118.36,111.8,482,483,399,391,83,92,0.83,0.81,0.49,0.51,0.56,0.44,17,18,18,17,3,1,6,5
183,13-14,21,Bayern München,SC Freiburg,4,0,3,0,16,12,115.77,120.91,686,308,590,220,96,88,0.86,0.71,0.68,0.32,0.55,0.45,12,11,11,11,2,5,2,4
184,13-14,21,Werder Bremen,Bor. Mönchengladbach,1,1,0,1,15,17,121.6,118.81,357,472,255,361,102,111,0.71,0.76,0.44,0.56,0.47,0.53,10,14,13,10,1,0,5,10
185,13-14,21,TSG Hoffenheim,VfB Stuttgart,4,1,1,0,14,13,115.36,110.07,393,392,268,261,125,131,0.68,0.67,0.5,0.5,0.52,0.48,23,19,19,21,6,3,5,4
186,13-14,21,Eintracht Braunschweig,Hamburger SV,4,2,0,1,13,18,116.9,110.29,291,285,185,169,106,116,0.64,0.59,0.5,0.5,0.51,0.49,14,24,24,14,7,0,7,8
187,13-14,21,Bayer 04 Leverkusen,FC Schalke 04,1,2,0,1,13,11,114.93,116.23,528,387,435,305,93,82,0.82,0.79,0.58,0.42,0.49,0.51,12,16,14,12,3,1,11,2
188,13-14,21,FC Augsburg,1. FC Nürnberg,0,1,0,0,18,11,119.24,121.26,377,491,290,397,87,94,0.77,0.81,0.44,0.56,0.49,0.51,17,19,17,16,4,1,6,2
189,13-14,21,Hertha BSC,VfL Wolfsburg,1,2,1,0,13,7,117.47,118.25,336,500,239,411,97,89,0.71,0.82,0.4,0.6,0.45,0.55,12,15,15,11,3,1,4,6
190,13-14,22,FC Schalke 04,1. FSV Mainz 05,0,0,0,0,16,15,115.04,118.74,448,454,344,355,104,99,0.77,0.78,0.5,0.5,0.46,0.54,19,8,7,19,1,0,3,9
191,13-14,22,Bor. Mönchengladbach,TSG Hoffenheim,2,2,2,0,13,19,120.95,124.74,468,541,347,467,121,74,0.74,0.86,0.47,0.53,0.49,0.51,15,17,15,15,2,0,6,5
192,13-14,22,VfB Stuttgart,Hertha BSC,1,2,1,1,15,10,112.66,111.99,358,350,241,246,117,104,0.67,0.7,0.51,0.49,0.46,0.54,22,19,19,20,1,1,5,8
193,13-14,22,1. FC Nürnberg,Eintracht Braunschweig,2,1,0,1,6,22,110.39,116.2,373,330,287,263,86,67,0.77,0.8,0.53,0.47,0.54,0.46,19,21,20,18,1,3,3,10
194,13-14,22,SC Freiburg,FC Augsburg,2,4,1,1,14,18,122.34,120.31,427,420,329,315,98,105,0.77,0.75,0.5,0.5,0.5,0.5,14,13,12,13,5,0,2,4
195,13-14,22,Hamburger SV,Borussia Dortmund,3,0,1,0,13,15,114.55,116.22,320,607,207,475,113,132,0.65,0.78,0.35,0.65,0.49,0.51,17,19,18,17,2,5,3,6
196,13-14,22,VfL Wolfsburg,Bayer 04 Leverkusen,3,1,1,1,9,17,120.72,116.59,387,509,294,395,93,114,0.76,0.78,0.43,0.57,0.51,0.49,15,19,19,15,4,3,0,4
197,13-14,22,Eintracht Frankfurt,Werder Bremen,0,0,0,0,21,3,111.82,111.23,647,208,540,118,107,90,0.83,0.57,0.75,0.25,0.53,0.47,16,18,17,16,1,0,14,2
198,13-14,22,Hannover 96,Bayern München,0,4,0,2,8,14,114.5,111.86,288,739,186,653,102,86,0.65,0.88,0.29,0.71,0.47,0.53,10,11,11,10,4,2,6,4
199,13-14,23,Hertha BSC,SC Freiburg,0,0,0,0,9,7,117.34,118.34,369,515,269,377,100,138,0.73,0.73,0.42,0.58,0.49,0.51,11,14,14,11,1,1,4,4
200,13-14,23,Borussia Dortmund,1. FC Nürnberg,3,0,0,0,28,4,118.2,121.23,453,517,351,420,102,97,0.77,0.81,0.47,0.53,0.52,0.48,9,13,12,9,6,1,8,1
201,13-14,23,Bayer 04 Leverkusen,1. FSV Mainz 05,0,1,0,1,19,10,114.95,119.05,458,313,370,218,88,95,0.81,0.7,0.61,0.39,0.51,0.49,19,13,12,19,1,0,7,0
202,13-14,23,Werder Bremen,Hamburger SV,1,0,1,0,16,11,116.63,116.18,284,412,165,310,119,102,0.58,0.75,0.4,0.6,0.49,0.51,25,17,16,25,2,2,4,5
203,13-14,23,FC Augsburg,Hannover 96,1,1,0,1,16,10,115.18,119.96,482,399,397,310,85,89,0.82,0.78,0.55,0.45,0.52,0.48,14,17,17,14,5,0,7,2
204,13-14,23,Eintracht Braunschweig,Bor. Mönchengladbach,1,1,0,1,20,12,121.26,118.59,359,505,273,412,86,93,0.76,0.82,0.42,0.58,0.52,0.48,12,14,14,12,0,2,10,4
205,13-14,23,Bayern München,FC Schalke 04,5,1,4,0,22,10,107.18,105.41,855,267,792,204,63,63,0.93,0.76,0.76,0.24,0.52,0.48,8,12,11,8,1,0,14,4
206,13-14,23,TSG Hoffenheim,VfL Wolfsburg,6,2,4,1,17,6,118.32,111.91,448,450,310,316,138,134,0.69,0.7,0.5,0.5,0.48,0.52,15,21,20,15,5,1,4,3
207,13-14,23,Eintracht Frankfurt,VfB Stuttgart,2,1,0,1,13,13,116.84,118.6,483,351,387,245,96,106,0.8,0.7,0.59,0.41,0.53,0.47,23,16,15,23,5,4,8,5
208,13-14,24,FC Schalke 04,TSG Hoffenheim,4,0,2,0,24,10,114.06,113.84,376,430,267,344,109,86,0.71,0.8,0.47,0.53,0.49,0.51,19,18,17,19,4,9,4,3
209,13-14,24,Bor. Mönchengladbach,FC Augsburg,1,2,1,1,15,19,120.86,123.02,539,496,448,401,91,95,0.83,0.81,0.52,0.48,0.53,0.47,9,11,11,9,4,4,3,7
210,13-14,24,VfB Stuttgart,Eintracht Braunschweig,2,2,2,1,14,11,110.03,113.45,416,273,283,175,133,98,0.68,0.64,0.6,0.4,0.49,0.51,17,15,15,15,2,5,11,6
211,13-14,24,Hannover 96,Bayer 04 Leverkusen,1,1,1,1,19,10,121.39,115.62,379,463,299,354,80,109,0.79,0.76,0.46,0.54,0.45,0.55,5,14,14,5,3,5,9,2
212,13-14,24,VfL Wolfsburg,Bayern München,1,6,1,1,12,18,115.0,116.01,304,690,224,616,80,74,0.74,0.89,0.32,0.68,0.46,0.54,15,10,8,13,1,2,5,3
213,13-14,24,Hamburger SV,Eintracht Frankfurt,1,1,0,1,15,7,111.94,113.81,582,362,493,256,89,106,0.85,0.71,0.61,0.39,0.55,0.45,15,12,11,15,1,1,3,3
214,13-14,24,1. FC Nürnberg,Werder Bremen,0,2,0,1,16,12,120.57,119.66,560,298,427,187,133,111,0.76,0.63,0.66,0.34,0.49,0.51,17,11,10,17,1,1,5,2
215,13-14,24,SC Freiburg,Borussia Dortmund,0,1,0,0,10,12,121.28,120.85,611,444,507,333,104,111,0.83,0.75,0.58,0.42,0.54,0.46,7,12,11,7,2,2,1,5
216,13-14,24,1. FSV Mainz 05,Hertha BSC,1,1,0,0,16,12,116.12,113.86,414,395,307,295,107,100,0.74,0.75,0.51,0.49,0.53,0.47,13,14,13,13,2,0,5,4
217,13-14,25,FC Augsburg,FC Schalke 04,1,2,1,1,21,10,118.63,119.53,404,340,315,260,89,80,0.78,0.76,0.55,0.45,0.64,0.36,14,23,22,12,0,2,12,6
218,13-14,25,Borussia Dortmund,Bor. Mönchengladbach,1,2,0,2,25,7,126.27,118.3,596,459,490,354,106,105,0.82,0.77,0.57,0.43,0.44,0.56,12,11,11,12,6,1,8,3
219,13-14,25,Werder Bremen,VfB Stuttgart,1,1,0,0,10,16,118.02,119.48,427,429,285,281,142,148,0.67,0.66,0.49,0.51,0.51,0.49,18,19,16,17,2,0,2,9
220,13-14,25,TSG Hoffenheim,1. FSV Mainz 05,2,4,0,0,22,11,116.86,117.28,396,424,258,293,138,131,0.65,0.69,0.49,0.51,0.51,0.49,16,15,15,16,0,2,11,1
221,13-14,25,Eintracht Braunschweig,VfL Wolfsburg,1,1,0,1,8,11,118.77,116.44,247,562,140,439,107,123,0.57,0.78,0.32,0.68,0.49,0.51,15,22,21,14,2,0,3,4
222,13-14,25,Hertha BSC,Hannover 96,0,3,0,0,16,7,117.07,121.73,533,376,405,245,128,131,0.76,0.65,0.59,0.41,0.59,0.41,8,17,17,6,4,2,6,1
223,13-14,25,Bayern München,Bayer 04 Leverkusen,2,1,1,0,23,6,113.92,117.16,824,209,742,136,82,73,0.9,0.65,0.78,0.22,0.47,0.53,11,18,18,11,2,5,12,6
224,13-14,25,Hamburger SV,1. FC Nürnberg,2,1,0,0,26,9,114.38,115.58,353,401,265,313,88,88,0.75,0.78,0.47,0.53,0.57,0.43,12,18,18,12,1,2,10,5
225,13-14,25,Eintracht Frankfurt,SC Freiburg,1,4,0,1,26,7,112.6,122.59,484,277,381,190,103,87,0.79,0.69,0.64,0.36,0.57,0.43,19,18,17,18,2,2,12,1
226,13-14,26,SC Freiburg,Werder Bremen,3,1,1,0,14,7,121.87,119.86,382,377,276,276,106,101,0.72,0.73,0.5,0.5,0.5,0.5,19,15,14,17,2,4,5,4
227,13-14,26,FC Schalke 04,Eintracht Braunschweig,3,1,1,0,33,11,118.67,120.16,580,280,489,175,91,105,0.84,0.62,0.67,0.33,0.55,0.45,14,20,19,14,0,1,14,4
228,13-14,26,VfB Stuttgart,Hamburger SV,1,0,0,0,12,6,121.07,112.43,439,487,358,411,81,76,0.82,0.84,0.48,0.52,0.56,0.44,18,13,13,18,3,3,5,2
229,13-14,26,Hannover 96,Borussia Dortmund,0,3,0,1,9,15,120.42,123.2,529,484,425,394,104,90,0.8,0.81,0.53,0.47,0.5,0.5,12,16,16,10,2,4,5,3
230,13-14,26,VfL Wolfsburg,FC Augsburg,1,1,0,1,10,12,116.19,116.31,455,329,374,245,81,84,0.82,0.74,0.58,0.42,0.52,0.48,23,11,10,22,0,4,6,3
231,13-14,26,1. FSV Mainz 05,Bayern München,0,2,0,0,4,23,120.21,115.17,224,825,142,737,82,88,0.63,0.89,0.22,0.78,0.45,0.55,13,11,11,13,8,1,2,9
232,13-14,26,Bor. Mönchengladbach,Hertha BSC,3,0,3,0,8,8,114.21,116.0,714,508,632,421,82,87,0.89,0.83,0.58,0.42,0.54,0.46,7,12,12,7,1,1,4,5
233,13-14,26,1. FC Nürnberg,Eintracht Frankfurt,2,5,0,1,13,23,115.44,114.05,389,391,272,265,117,126,0.7,0.68,0.51,0.49,0.49,0.51,19,15,15,19,1,2,2,5
234,13-14,26,Bayer 04 Leverkusen,TSG Hoffenheim,2,3,1,2,12,12,118.91,121.08,589,324,488,234,101,90,0.83,0.72,0.64,0.36,0.51,0.49,15,18,18,14,3,1,6,2
235,13-14,27,Borussia Dortmund,FC Schalke 04,0,0,0,0,18,8,119.84,118.14,460,337,332,213,128,124,0.72,0.63,0.58,0.42,0.53,0.47,17,24,23,16,2,2,4,2
236,13-14,27,Werder Bremen,VfL Wolfsburg,1,3,1,2,6,19,118.33,115.26,314,503,199,395,115,108,0.63,0.79,0.39,0.61,0.44,0.56,18,19,18,18,2,3,3,8
237,13-14,27,Eintracht Braunschweig,1. FSV Mainz 05,3,1,2,1,14,12,120.95,119.56,303,469,174,333,129,136,0.57,0.71,0.4,0.6,0.51,0.49,16,25,23,14,3,0,6,7
238,13-14,27,Hertha BSC,Bayern München,1,3,0,2,4,13,117.74,112.16,210,1078,142,1004,68,74,0.68,0.93,0.18,0.82,0.41,0.59,13,8,7,13,3,2,2,3
239,13-14,27,1. FC Nürnberg,VfB Stuttgart,2,0,1,0,11,13,124.62,121.28,441,386,323,257,118,129,0.73,0.67,0.53,0.47,0.51,0.49,18,11,11,18,2,0,6,4
240,13-14,27,TSG Hoffenheim,Hannover 96,3,1,1,1,20,8,121.09,119.55,455,530,351,427,104,103,0.77,0.81,0.46,0.54,0.58,0.42,16,15,14,16,4,0,5,1
241,13-14,27,FC Augsburg,Bayer 04 Leverkusen,1,3,0,1,22,13,118.4,119.52,501,387,413,304,88,83,0.82,0.79,0.58,0.42,0.5,0.5,14,17,17,10,2,5,10,3
242,13-14,27,Hamburger SV,SC Freiburg,1,1,0,0,21,11,112.76,122.88,423,392,323,273,100,119,0.76,0.7,0.52,0.48,0.54,0.46,17,15,15,17,2,1,6,3
243,13-14,27,Eintracht Frankfurt,Bor. Mönchengladbach,1,0,1,0,14,9,119.33,121.19,388,616,303,517,85,99,0.78,0.84,0.4,0.6,0.55,0.45,11,12,12,11,7,1,11,7
244,13-14,28,FC Schalke 04,Hertha BSC,2,0,1,0,13,11,122.35,118.05,445,400,326,284,119,116,0.73,0.71,0.52,0.48,0.57,0.43,17,19,18,17,1,3,1,4
245,13-14,28,Bayern München,TSG Hoffenheim,3,3,3,2,11,20,115.04,121.22,601,287,484,177,117,110,0.81,0.62,0.67,0.33,0.53,0.47,13,18,18,13,3,4,3,1
246,13-14,28,Bayer 04 Leverkusen,Eintracht Braunschweig,1,1,0,0,15,9,115.19,118.3,518,247,410,165,108,82,0.79,0.67,0.67,0.33,0.57,0.43,16,13,12,16,5,4,7,1
247,13-14,28,VfB Stuttgart,Borussia Dortmund,2,3,2,1,11,17,113.55,118.76,270,612,168,507,102,105,0.62,0.83,0.31,0.69,0.52,0.48,15,14,14,14,1,2,2,9
248,13-14,28,VfL Wolfsburg,Eintracht Frankfurt,2,1,0,1,22,11,111.44,108.04,423,307,339,198,84,109,0.8,0.64,0.58,0.42,0.55,0.45,19,19,19,17,1,5,4,3
249,13-14,28,1. FSV Mainz 05,FC Augsburg,3,0,2,0,14,12,118.68,115.26,441,385,362,282,79,103,0.82,0.73,0.53,0.47,0.53,0.47,14,20,20,14,1,1,5,8
250,13-14,28,SC Freiburg,1. FC Nürnberg,3,2,1,2,14,9,122.07,119.33,361,328,261,232,100,96,0.72,0.71,0.52,0.48,0.44,0.56,16,22,21,16,2,1,8,4
251,13-14,28,Bor. Mönchengladbach,Hamburger SV,3,1,1,1,17,17,114.37,114.88,634,373,558,298,76,75,0.88,0.8,0.62,0.38,0.49,0.51,11,15,14,11,3,3,6,10
252,13-14,28,Hannover 96,Werder Bremen,1,2,1,0,9,11,116.22,115.56,406,397,288,276,118,121,0.71,0.7,0.52,0.48,0.44,0.56,19,13,13,17,0,9,10,8
253,13-14,29,Hamburger SV,Bayer 04 Leverkusen,2,1,1,0,18,19,120.82,121.12,358,509,251,384,107,125,0.7,0.75,0.4,0.6,0.46,0.54,16,15,15,15,1,1,4,14
254,13-14,29,VfB Stuttgart,SC Freiburg,2,0,0,0,12,18,117.99,120.03,450,362,357,278,93,84,0.79,0.77,0.56,0.44,0.52,0.48,13,17,17,12,1,3,3,6
255,13-14,29,Werder Bremen,FC Schalke 04,1,1,1,1,19,9,115.79,113.53,334,436,235,333,99,103,0.7,0.76,0.44,0.56,0.52,0.48,17,20,18,17,2,2,9,4
256,13-14,29,1. FC Nürnberg,Bor. Mönchengladbach,0,2,0,1,14,15,118.41,117.19,526,400,443,318,83,82,0.84,0.8,0.57,0.43,0.56,0.44,7,16,16,7,5,2,8,5
257,13-14,29,FC Augsburg,Bayern München,1,0,1,0,11,16,115.92,112.65,322,686,219,591,103,95,0.68,0.86,0.33,0.67,0.42,0.58,16,13,13,15,5,1,3,4
258,13-14,29,Eintracht Frankfurt,1. FSV Mainz 05,2,0,0,0,14,17,109.76,109.71,323,428,240,356,83,72,0.74,0.83,0.43,0.57,0.57,0.43,11,18,18,10,5,4,2,6
259,13-14,29,Borussia Dortmund,VfL Wolfsburg,2,1,0,1,10,19,118.03,115.03,376,415,237,286,139,129,0.63,0.69,0.48,0.52,0.52,0.48,15,14,13,13,3,3,7,2
260,13-14,29,Eintracht Braunschweig,Hannover 96,3,0,2,0,11,11,116.24,111.71,228,472,130,351,98,121,0.57,0.74,0.33,0.67,0.54,0.46,17,16,16,16,4,2,5,6
261,13-14,29,Hertha BSC,TSG Hoffenheim,1,1,1,1,11,11,112.72,115.72,365,442,206,277,159,165,0.56,0.63,0.45,0.55,0.46,0.54,19,17,17,18,1,2,3,4
262,13-14,30,FC Schalke 04,Eintracht Frankfurt,2,0,0,0,22,10,116.74,111.31,501,365,420,270,81,95,0.84,0.74,0.57,0.43,0.44,0.56,15,14,12,14,1,0,4,5
263,13-14,30,Bor. Mönchengladbach,VfB Stuttgart,1,1,0,1,14,18,117.27,121.43,640,358,545,259,95,99,0.85,0.72,0.64,0.36,0.49,0.51,12,15,15,12,2,1,6,5
264,13-14,30,Hannover 96,Hamburger SV,2,1,1,0,31,5,111.5,111.7,331,293,229,168,102,125,0.69,0.57,0.53,0.47,0.51,0.49,20,16,16,18,1,1,5,2
265,13-14,30,VfL Wolfsburg,1. FC Nürnberg,4,1,2,1,24,5,114.14,114.36,365,367,273,273,92,94,0.75,0.74,0.5,0.5,0.48,0.52,13,13,13,12,3,4,11,2
266,13-14,30,SC Freiburg,Eintracht Braunschweig,2,0,1,0,19,13,119.48,116.66,383,385,281,275,102,110,0.73,0.71,0.5,0.5,0.52,0.48,15,20,20,15,2,2,3,3
267,13-14,30,1. FSV Mainz 05,Werder Bremen,3,0,3,0,23,9,115.85,115.37,461,279,373,180,88,99,0.81,0.65,0.6,0.4,0.58,0.42,12,17,16,12,6,4,3,12
268,13-14,30,Bayern München,Borussia Dortmund,0,3,0,1,14,9,109.96,117.64,685,283,585,189,100,94,0.85,0.67,0.71,0.29,0.52,0.48,17,13,12,15,3,9,12,2
269,13-14,30,Bayer 04 Leverkusen,Hertha BSC,2,1,2,1,17,9,116.27,117.92,464,398,336,279,128,119,0.72,0.7,0.53,0.47,0.55,0.45,17,13,13,17,1,1,7,2
270,13-14,30,TSG Hoffenheim,FC Augsburg,2,0,2,0,26,23,120.61,114.97,339,431,238,320,101,111,0.7,0.74,0.44,0.56,0.43,0.57,22,19,18,21,0,1,6,10
271,13-14,31,Eintracht Frankfurt,Hannover 96,2,3,1,3,14,16,117.08,121.04,449,349,319,246,130,103,0.71,0.7,0.56,0.44,0.56,0.44,24,22,21,24,4,3,3,4
272,13-14,31,Borussia Dortmund,1. FSV Mainz 05,4,2,2,1,30,9,117.1,114.38,423,418,296,295,127,123,0.7,0.71,0.5,0.5,0.53,0.48,9,18,15,8,4,4,12,2
273,13-14,31,Werder Bremen,TSG Hoffenheim,3,1,1,1,12,14,113.37,111.88,339,348,212,227,127,121,0.63,0.65,0.49,0.51,0.51,0.49,11,24,24,10,1,3,8,6
274,13-14,31,SC Freiburg,Bor. Mönchengladbach,4,2,0,1,15,14,125.41,113.37,475,493,375,382,100,111,0.79,0.77,0.5,0.5,0.5,0.5,8,9,8,7,1,2,5,5
275,13-14,31,FC Augsburg,Hertha BSC,0,0,0,0,10,13,110.63,114.45,440,290,344,205,96,85,0.78,0.71,0.59,0.41,0.51,0.49,17,16,16,16,2,3,3,4
276,13-14,31,Eintracht Braunschweig,Bayern München,0,2,0,0,7,12,117.42,113.23,292,607,175,483,117,124,0.6,0.8,0.33,0.67,0.45,0.55,19,16,14,19,7,3,2,3
277,13-14,31,Hamburger SV,VfL Wolfsburg,1,3,0,2,14,16,115.59,117.93,404,392,295,294,109,98,0.73,0.75,0.51,0.49,0.51,0.49,18,16,14,18,4,2,4,7
278,13-14,31,1. FC Nürnberg,Bayer 04 Leverkusen,1,4,1,1,9,15,111.35,111.49,347,390,259,293,88,97,0.75,0.75,0.47,0.53,0.46,0.54,15,14,13,14,2,2,3,8
279,13-14,31,VfB Stuttgart,FC Schalke 04,3,1,1,0,12,14,119.61,115.12,308,494,199,379,109,115,0.65,0.77,0.4,0.6,0.46,0.54,23,13,12,22,0,3,2,3
280,13-14,32,Hannover 96,VfB Stuttgart,0,0,0,0,9,8,118.42,119.29,472,515,371,419,101,96,0.79,0.81,0.48,0.52,0.46,0.54,15,15,15,13,2,8,2,5
281,13-14,32,Bayern München,Werder Bremen,5,2,1,2,23,7,114.72,113.97,727,213,637,128,90,85,0.88,0.6,0.76,0.24,0.52,0.48,11,13,13,11,1,3,13,5
282,13-14,32,VfL Wolfsburg,SC Freiburg,2,2,1,0,24,13,111.27,116.67,366,388,271,292,95,96,0.74,0.75,0.49,0.51,0.52,0.48,13,14,12,13,1,3,11,7
283,13-14,32,TSG Hoffenheim,Eintracht Frankfurt,0,0,0,0,18,8,109.76,105.74,428,450,345,369,83,81,0.81,0.82,0.48,0.52,0.48,0.52,18,13,13,18,0,2,3,2
284,13-14,32,1. FSV Mainz 05,1. FC Nürnberg,2,0,2,0,18,13,114.74,114.77,481,335,374,247,107,88,0.78,0.74,0.58,0.42,0.49,0.51,6,11,10,6,0,2,8,7
285,13-14,32,Hertha BSC,Eintracht Braunschweig,2,0,0,0,20,8,113.17,115.12,337,376,234,251,103,125,0.69,0.67,0.48,0.52,0.55,0.45,14,18,17,13,3,2,8,3
286,13-14,32,Bayer 04 Leverkusen,Borussia Dortmund,2,2,2,2,16,14,113.49,114.05,360,533,258,414,102,119,0.72,0.78,0.41,0.59,0.57,0.43,14,9,8,12,3,0,7,5
287,13-14,32,FC Augsburg,Hamburger SV,3,1,3,1,15,19,122.58,118.83,371,437,272,341,99,96,0.73,0.78,0.46,0.54,0.44,0.56,16,19,17,15,0,1,4,5
288,13-14,32,FC Schalke 04,Bor. Mönchengladbach,0,1,0,1,17,12,124.24,122.28,506,499,409,394,97,105,0.81,0.79,0.5,0.5,0.44,0.56,11,1,1,11,2,0,12,9
289,13-14,33,Borussia Dortmund,TSG Hoffenheim,3,2,3,1,16,12,119.98,119.36,450,416,317,284,133,132,0.7,0.68,0.51,0.49,0.51,0.49,16,23,22,16,3,2,5,5
290,13-14,33,Bor. Mönchengladbach,1. FSV Mainz 05,3,1,1,0,7,18,119.36,118.94,484,571,383,467,101,104,0.79,0.82,0.45,0.55,0.45,0.55,8,11,9,8,0,2,3,6
291,13-14,33,VfB Stuttgart,VfL Wolfsburg,1,2,0,1,6,13,118.47,117.23,373,558,273,468,100,90,0.73,0.84,0.41,0.59,0.5,0.5,11,15,14,11,6,3,2,5
292,13-14,33,Werder Bremen,Hertha BSC,2,0,0,0,12,11,116.53,114.3,306,409,225,317,81,92,0.74,0.78,0.42,0.58,0.54,0.46,18,17,17,18,2,2,5,10
293,13-14,33,1. FC Nürnberg,Hannover 96,0,2,0,1,15,14,120.22,118.97,368,442,230,296,138,146,0.62,0.67,0.46,0.54,0.6,0.4,12,18,17,12,9,0,8,5
294,13-14,33,SC Freiburg,FC Schalke 04,0,2,0,1,10,26,123.51,118.17,493,380,385,276,108,104,0.78,0.73,0.57,0.43,0.45,0.55,11,11,10,11,3,2,3,5
295,13-14,33,Hamburger SV,Bayern München,1,4,0,1,10,18,118.62,117.71,341,707,258,616,83,91,0.76,0.87,0.33,0.67,0.46,0.54,14,7,7,14,6,4,2,5
296,13-14,33,Eintracht Braunschweig,FC Augsburg,0,1,0,0,17,24,121.26,117.94,309,379,195,281,114,98,0.63,0.74,0.46,0.54,0.55,0.45,21,21,21,20,3,4,7,9
297,13-14,33,Eintracht Frankfurt,Bayer 04 Leverkusen,0,2,0,2,6,21,111.61,114.48,483,402,386,317,97,85,0.8,0.79,0.55,0.45,0.48,0.52,16,13,12,16,1,1,3,5
298,13-14,34,Bayern München,VfB Stuttgart,1,0,0,0,24,8,111.3,115.03,648,243,568,170,80,73,0.88,0.7,0.72,0.28,0.54,0.46,11,14,13,11,3,4,12,2
299,13-14,34,FC Schalke 04,1. FC Nürnberg,4,1,2,0,22,11,118.25,121.07,552,311,466,236,86,75,0.84,0.76,0.63,0.37,0.59,0.41,12,20,20,11,2,3,7,3
300,13-14,34,Bayer 04 Leverkusen,Werder Bremen,2,1,1,1,14,8,115.0,113.73,376,387,270,258,106,129,0.72,0.67,0.49,0.51,0.53,0.47,16,9,9,16,1,3,8,4
301,13-14,34,Hannover 96,SC Freiburg,3,2,1,0,19,12,113.89,120.16,440,431,336,342,104,89,0.76,0.79,0.51,0.49,0.49,0.51,19,9,9,18,2,5,8,4
302,13-14,34,VfL Wolfsburg,Bor. Mönchengladbach,3,1,1,0,19,13,118.51,117.51,493,409,410,321,83,88,0.83,0.78,0.54,0.46,0.55,0.45,9,10,10,9,4,1,7,8
303,13-14,34,TSG Hoffenheim,Eintracht Braunschweig,3,1,1,0,16,5,117.66636363636364,117.885,590,358,463,226,127,132,0.78,0.63,0.62,0.38,0.44,0.56,17,14,13,16,3,2,5,2
304,13-14,34,1. FSV Mainz 05,Hamburger SV,3,2,1,1,13,20,116.77,112.86,361,387,260,282,101,105,0.72,0.73,0.48,0.52,0.52,0.48,14,14,13,14,3,1,4,7
305,13-14,34,FC Augsburg,Eintracht Frankfurt,2,1,1,1,17,7,110.2,107.95,451,300,382,223,69,77,0.85,0.74,0.59,0.41,0.45,0.55,12,12,12,12,2,4,5,5
306,13-14,34,Hertha BSC,Borussia Dortmund,0,4,0,2,10,14,107.91,109.97,327,457,223,333,104,124,0.68,0.73,0.43,0.57,0.5,0.5,18,12,12,18,4,3,9,0
307,14-15,1,Bayern München,VfL Wolfsburg,2,1,1,0,17,9,120.04,119.47,627,415,533,321,94,94,0.85,0.77,0.6,0.4,0.57,0.43,5,9,9,4,3,3,9,3
308,14-15,1,TSG Hoffenheim,FC Augsburg,2,0,2,0,11,12,115.87,109.88,314,438,194,306,120,132,0.62,0.7,0.43,0.57,0.45,0.55,19,15,15,19,1,0,7,3
309,14-15,1,Hannover 96,FC Schalke 04,2,1,0,0,8,12,118.61,116.34,376,490,259,355,117,135,0.69,0.72,0.44,0.56,0.53,0.47,12,15,14,12,1,2,2,4
310,14-15,1,Hertha BSC,Werder Bremen,2,2,1,0,19,9,111.05,113.15,420,362,335,279,85,83,0.8,0.77,0.54,0.46,0.52,0.48,17,18,18,17,4,6,9,5
311,14-15,1,Eintracht Frankfurt,SC Freiburg,1,0,1,0,10,13,116.93,118.99,288,535,203,440,85,95,0.7,0.82,0.36,0.64,0.54,0.46,17,22,22,17,2,1,6,5
312,14-15,1,1. FC Köln,Hamburger SV,0,0,0,0,10,19,114.48,116.2,426,504,306,390,120,114,0.72,0.77,0.46,0.54,0.47,0.53,23,16,15,22,2,2,3,6
313,14-15,1,Borussia Dortmund,Bayer 04 Leverkusen,0,2,0,1,11,11,123.84,125.29,508,373,360,221,148,152,0.71,0.59,0.58,0.42,0.51,0.49,13,28,26,13,1,5,8,4
314,14-15,1,SC Paderborn 07,1. FSV Mainz 05,2,2,1,1,10,14,117.98,116.01,311,516,219,408,92,108,0.7,0.79,0.39,0.61,0.56,0.44,16,14,14,15,3,0,4,3
315,14-15,1,Bor. Mönchengladbach,VfB Stuttgart,1,1,0,0,20,7,119.65,122.66,606,464,527,375,79,89,0.87,0.81,0.56,0.44,0.57,0.43,8,16,16,8,3,2,6,3
316,14-15,2,FC Augsburg,Borussia Dortmund,2,3,0,2,12,22,118.95,125.28,524,455,432,348,92,107,0.82,0.76,0.54,0.46,0.5,0.5,9,12,12,9,8,2,3,6
317,14-15,2,Bayer 04 Leverkusen,Hertha BSC,4,2,0,1,21,3,115.85,110.94,470,267,322,127,148,140,0.69,0.48,0.63,0.37,0.54,0.46,11,20,20,11,3,3,5,6
318,14-15,2,VfL Wolfsburg,Eintracht Frankfurt,2,2,1,1,14,8,112.11,114.2,576,324,475,225,101,99,0.82,0.69,0.64,0.36,0.54,0.46,19,11,11,17,6,3,4,3
319,14-15,2,Werder Bremen,TSG Hoffenheim,1,1,0,1,15,12,114.37,117.88,400,402,258,264,142,138,0.64,0.66,0.5,0.5,0.5,0.5,20,13,12,17,2,3,6,6
